sample_name,variety,size,rep,target,prediction,correct,maximum_probability,votes_barley,mean_probability_barley,votes_corn,mean_probability_corn,votes_flax,mean_probability_flax,predicted_class,external_variety,source_folder,relative_hdr_path,filepath_hdr,filepath_spe,experiment
Caitiannuo No.6__1,corn,external_scene,Caitiannuo No.6,1,1,True,0.9543867111206055,0,0.02414793148636818,4,0.9543867111206055,0,0.021465333178639412,corn,Caitiannuo No.6,Caitiannuo No.6,Caitiannuo No.6/1.hdr,/data/r1032016/additional_corn_dataset/Hyperspectral_corn_seed_dataset/Hyperspectral_corn_seed_dataset/Hyperspectral_corn_seed_dataset/Caitiannuo No.6/1.hdr,/data/r1032016/additional_corn_dataset/Hyperspectral_corn_seed_dataset/Hyperspectral_corn_seed_dataset/Hyperspectral_corn_seed_dataset/Caitiannuo No.6/1.spe,PCA 1-band CNN
Caitiannuo No.6__2,corn,external_scene,Caitiannuo No.6,1,1,True,0.9549933671951294,0,0.02390294522047043,4,0.9549933671951294,0,0.02110373042523861,corn,Caitiannuo No.6,Caitiannuo No.6,Caitiannuo No.6/2.hdr,/data/r1032016/additional_corn_dataset/Hyperspectral_corn_seed_dataset/Hyperspectral_corn_seed_dataset/Hyperspectral_corn_seed_dataset/Caitiannuo No.6/2.hdr,/data/r1032016/additional_corn_dataset/Hyperspectral_corn_seed_dataset/Hyperspectral_corn_seed_dataset/Hyperspectral_corn_seed_dataset/Caitiannuo No.6/2.spe,PCA 1-band CNN
Jinxitian__1,corn,external_scene,Jinxitian,1,1,True,0.8018099069595337,1,0.16120189428329468,3,0.8018099069595337,0,0.036988213658332825,corn,Jinxitian,Jinxitian,Jinxitian/1.hdr,/data/r1032016/additional_corn_dataset/Hyperspectral_corn_seed_dataset/Hyperspectral_corn_seed_dataset/Hyperspectral_corn_seed_dataset/Jinxitian/1.hdr,/data/r1032016/additional_corn_dataset/Hyperspectral_corn_seed_dataset/Hyperspectral_corn_seed_dataset/Hyperspectral_corn_seed_dataset/Jinxitian/1.spe,PCA 1-band CNN
Jinxitian__2,corn,external_scene,Jinxitian,1,1,True,0.8286345601081848,0,0.12884816527366638,4,0.8286345601081848,0,0.04251725599169731,corn,Jinxitian,Jinxitian,Jinxitian/2.hdr,/data/r1032016/additional_corn_dataset/Hyperspectral_corn_seed_dataset/Hyperspectral_corn_seed_dataset/Hyperspectral_corn_seed_dataset/Jinxitian/2.hdr,/data/r1032016/additional_corn_dataset/Hyperspectral_corn_seed_dataset/Hyperspectral_corn_seed_dataset/Hyperspectral_corn_seed_dataset/Jinxitian/2.spe,PCA 1-band CNN
Mihuatiannuo No.3__1,corn,external_scene,Mihuatiannuo No.3,1,1,True,0.7630161046981812,1,0.19475427269935608,3,0.7630161046981812,0,0.042229585349559784,corn,Mihuatiannuo No.3,Mihuatiannuo No.3,Mihuatiannuo No.3/1.hdr,/data/r1032016/additional_corn_dataset/Hyperspectral_corn_seed_dataset/Hyperspectral_corn_seed_dataset/Hyperspectral_corn_seed_dataset/Mihuatiannuo No.3/1.hdr,/data/r1032016/additional_corn_dataset/Hyperspectral_corn_seed_dataset/Hyperspectral_corn_seed_dataset/Hyperspectral_corn_seed_dataset/Mihuatiannuo No.3/1.spe,PCA 1-band CNN
Mihuatiannuo No.3__2,corn,external_scene,Mihuatiannuo No.3,1,1,True,0.7863919734954834,1,0.1767791509628296,3,0.7863919734954834,0,0.036828890442848206,corn,Mihuatiannuo No.3,Mihuatiannuo No.3,Mihuatiannuo No.3/2.hdr,/data/r1032016/additional_corn_dataset/Hyperspectral_corn_seed_dataset/Hyperspectral_corn_seed_dataset/Hyperspectral_corn_seed_dataset/Mihuatiannuo No.3/2.hdr,/data/r1032016/additional_corn_dataset/Hyperspectral_corn_seed_dataset/Hyperspectral_corn_seed_dataset/Hyperspectral_corn_seed_dataset/Mihuatiannuo No.3/2.spe,PCA 1-band CNN
Mitiannuo No.1__1,corn,external_scene,Mitiannuo No.1,1,1,True,0.9468690156936646,0,0.028880806639790535,4,0.9468690156936646,0,0.024250220507383347,corn,Mitiannuo No.1,Mitiannuo No.1,Mitiannuo No.1/1.hdr,/data/r1032016/additional_corn_dataset/Hyperspectral_corn_seed_dataset/Hyperspectral_corn_seed_dataset/Hyperspectral_corn_seed_dataset/Mitiannuo No.1/1.hdr,/data/r1032016/additional_corn_dataset/Hyperspectral_corn_seed_dataset/Hyperspectral_corn_seed_dataset/Hyperspectral_corn_seed_dataset/Mitiannuo No.1/1.spe,PCA 1-band CNN
Mitiannuo No.1__2,corn,external_scene,Mitiannuo No.1,1,1,True,0.9535589218139648,0,0.024194682016968727,4,0.9535589218139648,0,0.0222464632242918,corn,Mitiannuo No.1,Mitiannuo No.1,Mitiannuo No.1/2.hdr,/data/r1032016/additional_corn_dataset/Hyperspectral_corn_seed_dataset/Hyperspectral_corn_seed_dataset/Hyperspectral_corn_seed_dataset/Mitiannuo No.1/2.hdr,/data/r1032016/additional_corn_dataset/Hyperspectral_corn_seed_dataset/Hyperspectral_corn_seed_dataset/Hyperspectral_corn_seed_dataset/Mitiannuo No.1/2.spe,PCA 1-band CNN
Mitiannuo No.4__1,corn,external_scene,Mitiannuo No.4,1,1,True,0.7149370908737183,1,0.2387157380580902,3,0.7149370908737183,0,0.046347059309482574,corn,Mitiannuo No.4,Mitiannuo No.4,Mitiannuo No.4/1.hdr,/data/r1032016/additional_corn_dataset/Hyperspectral_corn_seed_dataset/Hyperspectral_corn_seed_dataset/Hyperspectral_corn_seed_dataset/Mitiannuo No.4/1.hdr,/data/r1032016/additional_corn_dataset/Hyperspectral_corn_seed_dataset/Hyperspectral_corn_seed_dataset/Hyperspectral_corn_seed_dataset/Mitiannuo No.4/1.spe,PCA 1-band CNN
Mitiannuo No.4__2,corn,external_scene,Mitiannuo No.4,1,1,True,0.6862887740135193,1,0.267391562461853,3,0.6862887740135193,0,0.04631971940398216,corn,Mitiannuo No.4,Mitiannuo No.4,Mitiannuo No.4/2.hdr,/data/r1032016/additional_corn_dataset/Hyperspectral_corn_seed_dataset/Hyperspectral_corn_seed_dataset/Hyperspectral_corn_seed_dataset/Mitiannuo No.4/2.hdr,/data/r1032016/additional_corn_dataset/Hyperspectral_corn_seed_dataset/Hyperspectral_corn_seed_dataset/Hyperspectral_corn_seed_dataset/Mitiannuo No.4/2.spe,PCA 1-band CNN
Sida No.204__1,corn,external_scene,Sida No.204,1,1,True,0.951487123966217,0,0.026409590616822243,4,0.951487123966217,0,0.02210330218076706,corn,Sida No.204,Sida No.204,Sida No.204/1.hdr,/data/r1032016/additional_corn_dataset/Hyperspectral_corn_seed_dataset/Hyperspectral_corn_seed_dataset/Hyperspectral_corn_seed_dataset/Sida No.204/1.hdr,/data/r1032016/additional_corn_dataset/Hyperspectral_corn_seed_dataset/Hyperspectral_corn_seed_dataset/Hyperspectral_corn_seed_dataset/Sida No.204/1.spe,PCA 1-band CNN
Sida No.204__2,corn,external_scene,Sida No.204,1,1,True,0.9574243426322937,0,0.022368688136339188,4,0.9574243426322937,0,0.020206961780786514,corn,Sida No.204,Sida No.204,Sida No.204/2.hdr,/data/r1032016/additional_corn_dataset/Hyperspectral_corn_seed_dataset/Hyperspectral_corn_seed_dataset/Hyperspectral_corn_seed_dataset/Sida No.204/2.hdr,/data/r1032016/additional_corn_dataset/Hyperspectral_corn_seed_dataset/Hyperspectral_corn_seed_dataset/Hyperspectral_corn_seed_dataset/Sida No.204/2.spe,PCA 1-band CNN
Sidanuo No.38__1,corn,external_scene,Sidanuo No.38,1,1,True,0.9631199836730957,0,0.01828632317483425,4,0.9631199836730957,0,0.018593696877360344,corn,Sidanuo No.38,Sidanuo No.38,Sidanuo No.38/1.hdr,/data/r1032016/additional_corn_dataset/Hyperspectral_corn_seed_dataset/Hyperspectral_corn_seed_dataset/Hyperspectral_corn_seed_dataset/Sidanuo No.38/1.hdr,/data/r1032016/additional_corn_dataset/Hyperspectral_corn_seed_dataset/Hyperspectral_corn_seed_dataset/Hyperspectral_corn_seed_dataset/Sidanuo No.38/1.spe,PCA 1-band CNN
Sidanuo No.38__2,corn,external_scene,Sidanuo No.38,1,1,True,0.9609568119049072,0,0.019769862294197083,4,0.9609568119049072,0,0.0192733071744442,corn,Sidanuo No.38,Sidanuo No.38,Sidanuo No.38/2.hdr,/data/r1032016/additional_corn_dataset/Hyperspectral_corn_seed_dataset/Hyperspectral_corn_seed_dataset/Hyperspectral_corn_seed_dataset/Sidanuo No.38/2.hdr,/data/r1032016/additional_corn_dataset/Hyperspectral_corn_seed_dataset/Hyperspectral_corn_seed_dataset/Hyperspectral_corn_seed_dataset/Sidanuo No.38/2.spe,PCA 1-band CNN
Sidanuo No.44__1,corn,external_scene,Sidanuo No.44,1,1,True,0.9552761316299438,0,0.023800861090421677,4,0.9552761316299438,0,0.020923029631376266,corn,Sidanuo No.44,Sidanuo No.44,Sidanuo No.44/1.hdr,/data/r1032016/additional_corn_dataset/Hyperspectral_corn_seed_dataset/Hyperspectral_corn_seed_dataset/Hyperspectral_corn_seed_dataset/Sidanuo No.44/1.hdr,/data/r1032016/additional_corn_dataset/Hyperspectral_corn_seed_dataset/Hyperspectral_corn_seed_dataset/Hyperspectral_corn_seed_dataset/Sidanuo No.44/1.spe,PCA 1-band CNN
Sidanuo No.44__2,corn,external_scene,Sidanuo No.44,1,1,True,0.9518837928771973,0,0.026347357779741287,4,0.9518837928771973,0,0.021768810227513313,corn,Sidanuo No.44,Sidanuo No.44,Sidanuo No.44/2.hdr,/data/r1032016/additional_corn_dataset/Hyperspectral_corn_seed_dataset/Hyperspectral_corn_seed_dataset/Hyperspectral_corn_seed_dataset/Sidanuo No.44/2.hdr,/data/r1032016/additional_corn_dataset/Hyperspectral_corn_seed_dataset/Hyperspectral_corn_seed_dataset/Hyperspectral_corn_seed_dataset/Sidanuo No.44/2.spe,PCA 1-band CNN
Yuecainuo No.2__1,corn,external_scene,Yuecainuo No.2,1,1,True,0.937748908996582,0,0.03632373735308647,4,0.937748908996582,0,0.025927303358912468,corn,Yuecainuo No.2,Yuecainuo No.2,Yuecainuo No.2/1.hdr,/data/r1032016/additional_corn_dataset/Hyperspectral_corn_seed_dataset/Hyperspectral_corn_seed_dataset/Hyperspectral_corn_seed_dataset/Yuecainuo No.2/1.hdr,/data/r1032016/additional_corn_dataset/Hyperspectral_corn_seed_dataset/Hyperspectral_corn_seed_dataset/Hyperspectral_corn_seed_dataset/Yuecainuo No.2/1.spe,PCA 1-band CNN
Yuecainuo No.2__2,corn,external_scene,Yuecainuo No.2,1,1,True,0.9418061971664429,0,0.03270730748772621,4,0.9418061971664429,0,0.025486435741186142,corn,Yuecainuo No.2,Yuecainuo No.2,Yuecainuo No.2/2.hdr,/data/r1032016/additional_corn_dataset/Hyperspectral_corn_seed_dataset/Hyperspectral_corn_seed_dataset/Hyperspectral_corn_seed_dataset/Yuecainuo No.2/2.hdr,/data/r1032016/additional_corn_dataset/Hyperspectral_corn_seed_dataset/Hyperspectral_corn_seed_dataset/Hyperspectral_corn_seed_dataset/Yuecainuo No.2/2.spe,PCA 1-band CNN
Zhenzhunuo No.8__1,corn,external_scene,Zhenzhunuo No.8,1,1,True,0.9728744626045227,0,0.011793426238000393,4,0.9728744626045227,0,0.015332048758864403,corn,Zhenzhunuo No.8,Zhenzhunuo No.8,Zhenzhunuo No.8/1.hdr,/data/r1032016/additional_corn_dataset/Hyperspectral_corn_seed_dataset/Hyperspectral_corn_seed_dataset/Hyperspectral_corn_seed_dataset/Zhenzhunuo No.8/1.hdr,/data/r1032016/additional_corn_dataset/Hyperspectral_corn_seed_dataset/Hyperspectral_corn_seed_dataset/Hyperspectral_corn_seed_dataset/Zhenzhunuo No.8/1.spe,PCA 1-band CNN
Zhenzhunuo No.8__2,corn,external_scene,Zhenzhunuo No.8,1,1,True,0.9724379777908325,0,0.012090583331882954,4,0.9724379777908325,0,0.015471396967768669,corn,Zhenzhunuo No.8,Zhenzhunuo No.8,Zhenzhunuo No.8/2.hdr,/data/r1032016/additional_corn_dataset/Hyperspectral_corn_seed_dataset/Hyperspectral_corn_seed_dataset/Hyperspectral_corn_seed_dataset/Zhenzhunuo No.8/2.hdr,/data/r1032016/additional_corn_dataset/Hyperspectral_corn_seed_dataset/Hyperspectral_corn_seed_dataset/Hyperspectral_corn_seed_dataset/Zhenzhunuo No.8/2.spe,PCA 1-band CNN
Zhuyunuo No.1__1,corn,external_scene,Zhuyunuo No.1,1,1,True,0.9525915384292603,0,0.024712055921554565,4,0.9525915384292603,0,0.02269638329744339,corn,Zhuyunuo No.1,Zhuyunuo No.1,Zhuyunuo No.1/1.hdr,/data/r1032016/additional_corn_dataset/Hyperspectral_corn_seed_dataset/Hyperspectral_corn_seed_dataset/Hyperspectral_corn_seed_dataset/Zhuyunuo No.1/1.hdr,/data/r1032016/additional_corn_dataset/Hyperspectral_corn_seed_dataset/Hyperspectral_corn_seed_dataset/Hyperspectral_corn_seed_dataset/Zhuyunuo No.1/1.spe,PCA 1-band CNN
Zhuyunuo No.1__2,corn,external_scene,Zhuyunuo No.1,1,1,True,0.9600961804389954,0,0.019924180582165718,4,0.9600961804389954,0,0.01997966319322586,corn,Zhuyunuo No.1,Zhuyunuo No.1,Zhuyunuo No.1/2.hdr,/data/r1032016/additional_corn_dataset/Hyperspectral_corn_seed_dataset/Hyperspectral_corn_seed_dataset/Hyperspectral_corn_seed_dataset/Zhuyunuo No.1/2.hdr,/data/r1032016/additional_corn_dataset/Hyperspectral_corn_seed_dataset/Hyperspectral_corn_seed_dataset/Hyperspectral_corn_seed_dataset/Zhuyunuo No.1/2.spe,PCA 1-band CNN
Zhuyutian No.1__1,corn,external_scene,Zhuyutian No.1,1,1,True,0.9475095272064209,0,0.029615897685289383,4,0.9475095272064209,0,0.022874539718031883,corn,Zhuyutian No.1,Zhuyutian No.1,Zhuyutian No.1/1.hdr,/data/r1032016/additional_corn_dataset/Hyperspectral_corn_seed_dataset/Hyperspectral_corn_seed_dataset/Hyperspectral_corn_seed_dataset/Zhuyutian No.1/1.hdr,/data/r1032016/additional_corn_dataset/Hyperspectral_corn_seed_dataset/Hyperspectral_corn_seed_dataset/Hyperspectral_corn_seed_dataset/Zhuyutian No.1/1.spe,PCA 1-band CNN
Caitiannuo No.6__1,corn,external_scene,Caitiannuo No.6,1,1,True,0.9544524550437927,0,0.024608056992292404,4,0.9544524550437927,0,0.020939558744430542,corn,Caitiannuo No.6,Caitiannuo No.6,Caitiannuo No.6/1.hdr,/data/r1032016/additional_corn_dataset/Hyperspectral_corn_seed_dataset/Hyperspectral_corn_seed_dataset/Hyperspectral_corn_seed_dataset/Caitiannuo No.6/1.hdr,/data/r1032016/additional_corn_dataset/Hyperspectral_corn_seed_dataset/Hyperspectral_corn_seed_dataset/Hyperspectral_corn_seed_dataset/Caitiannuo No.6/1.spe,VIP 1-band CNN
Caitiannuo No.6__2,corn,external_scene,Caitiannuo No.6,1,1,True,0.9549921154975891,0,0.024279437959194183,4,0.9549921154975891,0,0.020728420466184616,corn,Caitiannuo No.6,Caitiannuo No.6,Caitiannuo No.6/2.hdr,/data/r1032016/additional_corn_dataset/Hyperspectral_corn_seed_dataset/Hyperspectral_corn_seed_dataset/Hyperspectral_corn_seed_dataset/Caitiannuo No.6/2.hdr,/data/r1032016/additional_corn_dataset/Hyperspectral_corn_seed_dataset/Hyperspectral_corn_seed_dataset/Hyperspectral_corn_seed_dataset/Caitiannuo No.6/2.spe,VIP 1-band CNN
Jinxitian__1,corn,external_scene,Jinxitian,1,1,True,0.73614102602005,1,0.2311069369316101,3,0.73614102602005,0,0.03275199607014656,corn,Jinxitian,Jinxitian,Jinxitian/1.hdr,/data/r1032016/additional_corn_dataset/Hyperspectral_corn_seed_dataset/Hyperspectral_corn_seed_dataset/Hyperspectral_corn_seed_dataset/Jinxitian/1.hdr,/data/r1032016/additional_corn_dataset/Hyperspectral_corn_seed_dataset/Hyperspectral_corn_seed_dataset/Hyperspectral_corn_seed_dataset/Jinxitian/1.spe,VIP 1-band CNN
Jinxitian__2,corn,external_scene,Jinxitian,1,1,True,0.7376003861427307,1,0.2220194935798645,3,0.7376003861427307,0,0.04038017988204956,corn,Jinxitian,Jinxitian,Jinxitian/2.hdr,/data/r1032016/additional_corn_dataset/Hyperspectral_corn_seed_dataset/Hyperspectral_corn_seed_dataset/Hyperspectral_corn_seed_dataset/Jinxitian/2.hdr,/data/r1032016/additional_corn_dataset/Hyperspectral_corn_seed_dataset/Hyperspectral_corn_seed_dataset/Hyperspectral_corn_seed_dataset/Jinxitian/2.spe,VIP 1-band CNN
Mihuatiannuo No.3__1,corn,external_scene,Mihuatiannuo No.3,1,1,True,0.6713530421257019,1,0.2913894057273865,3,0.6713530421257019,0,0.03725753724575043,corn,Mihuatiannuo No.3,Mihuatiannuo No.3,Mihuatiannuo No.3/1.hdr,/data/r1032016/additional_corn_dataset/Hyperspectral_corn_seed_dataset/Hyperspectral_corn_seed_dataset/Hyperspectral_corn_seed_dataset/Mihuatiannuo No.3/1.hdr,/data/r1032016/additional_corn_dataset/Hyperspectral_corn_seed_dataset/Hyperspectral_corn_seed_dataset/Hyperspectral_corn_seed_dataset/Mihuatiannuo No.3/1.spe,VIP 1-band CNN
Mihuatiannuo No.3__2,corn,external_scene,Mihuatiannuo No.3,1,1,True,0.7290528416633606,1,0.23885546624660492,3,0.7290528416633606,0,0.03209168463945389,corn,Mihuatiannuo No.3,Mihuatiannuo No.3,Mihuatiannuo No.3/2.hdr,/data/r1032016/additional_corn_dataset/Hyperspectral_corn_seed_dataset/Hyperspectral_corn_seed_dataset/Hyperspectral_corn_seed_dataset/Mihuatiannuo No.3/2.hdr,/data/r1032016/additional_corn_dataset/Hyperspectral_corn_seed_dataset/Hyperspectral_corn_seed_dataset/Hyperspectral_corn_seed_dataset/Mihuatiannuo No.3/2.spe,VIP 1-band CNN
Mitiannuo No.1__1,corn,external_scene,Mitiannuo No.1,1,1,True,0.9396516680717468,0,0.03567657992243767,4,0.9396516680717468,0,0.024671733379364014,corn,Mitiannuo No.1,Mitiannuo No.1,Mitiannuo No.1/1.hdr,/data/r1032016/additional_corn_dataset/Hyperspectral_corn_seed_dataset/Hyperspectral_corn_seed_dataset/Hyperspectral_corn_seed_dataset/Mitiannuo No.1/1.hdr,/data/r1032016/additional_corn_dataset/Hyperspectral_corn_seed_dataset/Hyperspectral_corn_seed_dataset/Hyperspectral_corn_seed_dataset/Mitiannuo No.1/1.spe,VIP 1-band CNN
Mitiannuo No.1__2,corn,external_scene,Mitiannuo No.1,1,1,True,0.9525362849235535,0,0.02557964064180851,4,0.9525362849235535,0,0.021884113550186157,corn,Mitiannuo No.1,Mitiannuo No.1,Mitiannuo No.1/2.hdr,/data/r1032016/additional_corn_dataset/Hyperspectral_corn_seed_dataset/Hyperspectral_corn_seed_dataset/Hyperspectral_corn_seed_dataset/Mitiannuo No.1/2.hdr,/data/r1032016/additional_corn_dataset/Hyperspectral_corn_seed_dataset/Hyperspectral_corn_seed_dataset/Hyperspectral_corn_seed_dataset/Mitiannuo No.1/2.spe,VIP 1-band CNN
Mitiannuo No.4__1,corn,external_scene,Mitiannuo No.4,1,1,True,0.6328864097595215,2,0.329750657081604,2,0.6328864097595215,0,0.03736294060945511,corn,Mitiannuo No.4,Mitiannuo No.4,Mitiannuo No.4/1.hdr,/data/r1032016/additional_corn_dataset/Hyperspectral_corn_seed_dataset/Hyperspectral_corn_seed_dataset/Hyperspectral_corn_seed_dataset/Mitiannuo No.4/1.hdr,/data/r1032016/additional_corn_dataset/Hyperspectral_corn_seed_dataset/Hyperspectral_corn_seed_dataset/Hyperspectral_corn_seed_dataset/Mitiannuo No.4/1.spe,VIP 1-band CNN
Mitiannuo No.4__2,corn,external_scene,Mitiannuo No.4,1,1,True,0.6048146486282349,2,0.35823890566825867,2,0.6048146486282349,0,0.03694642335176468,corn,Mitiannuo No.4,Mitiannuo No.4,Mitiannuo No.4/2.hdr,/data/r1032016/additional_corn_dataset/Hyperspectral_corn_seed_dataset/Hyperspectral_corn_seed_dataset/Hyperspectral_corn_seed_dataset/Mitiannuo No.4/2.hdr,/data/r1032016/additional_corn_dataset/Hyperspectral_corn_seed_dataset/Hyperspectral_corn_seed_dataset/Hyperspectral_corn_seed_dataset/Mitiannuo No.4/2.spe,VIP 1-band CNN
Sida No.204__1,corn,external_scene,Sida No.204,1,1,True,0.9516533613204956,0,0.027235843241214752,4,0.9516533613204956,0,0.02111073024570942,corn,Sida No.204,Sida No.204,Sida No.204/1.hdr,/data/r1032016/additional_corn_dataset/Hyperspectral_corn_seed_dataset/Hyperspectral_corn_seed_dataset/Hyperspectral_corn_seed_dataset/Sida No.204/1.hdr,/data/r1032016/additional_corn_dataset/Hyperspectral_corn_seed_dataset/Hyperspectral_corn_seed_dataset/Hyperspectral_corn_seed_dataset/Sida No.204/1.spe,VIP 1-band CNN
Sida No.204__2,corn,external_scene,Sida No.204,1,1,True,0.9586865901947021,0,0.021930962800979614,4,0.9586865901947021,0,0.019382469356060028,corn,Sida No.204,Sida No.204,Sida No.204/2.hdr,/data/r1032016/additional_corn_dataset/Hyperspectral_corn_seed_dataset/Hyperspectral_corn_seed_dataset/Hyperspectral_corn_seed_dataset/Sida No.204/2.hdr,/data/r1032016/additional_corn_dataset/Hyperspectral_corn_seed_dataset/Hyperspectral_corn_seed_dataset/Hyperspectral_corn_seed_dataset/Sida No.204/2.spe,VIP 1-band CNN
Sidanuo No.38__1,corn,external_scene,Sidanuo No.38,1,1,True,0.9639489650726318,0,0.01783103495836258,4,0.9639489650726318,0,0.01822001487016678,corn,Sidanuo No.38,Sidanuo No.38,Sidanuo No.38/1.hdr,/data/r1032016/additional_corn_dataset/Hyperspectral_corn_seed_dataset/Hyperspectral_corn_seed_dataset/Hyperspectral_corn_seed_dataset/Sidanuo No.38/1.hdr,/data/r1032016/additional_corn_dataset/Hyperspectral_corn_seed_dataset/Hyperspectral_corn_seed_dataset/Hyperspectral_corn_seed_dataset/Sidanuo No.38/1.spe,VIP 1-band CNN
Sidanuo No.38__2,corn,external_scene,Sidanuo No.38,1,1,True,0.9613125324249268,0,0.019636422395706177,4,0.9613125324249268,0,0.01905105635523796,corn,Sidanuo No.38,Sidanuo No.38,Sidanuo No.38/2.hdr,/data/r1032016/additional_corn_dataset/Hyperspectral_corn_seed_dataset/Hyperspectral_corn_seed_dataset/Hyperspectral_corn_seed_dataset/Sidanuo No.38/2.hdr,/data/r1032016/additional_corn_dataset/Hyperspectral_corn_seed_dataset/Hyperspectral_corn_seed_dataset/Hyperspectral_corn_seed_dataset/Sidanuo No.38/2.spe,VIP 1-band CNN
Sidanuo No.44__1,corn,external_scene,Sidanuo No.44,1,1,True,0.9556061625480652,0,0.024078402668237686,4,0.9556061625480652,0,0.020315445959568024,corn,Sidanuo No.44,Sidanuo No.44,Sidanuo No.44/1.hdr,/data/r1032016/additional_corn_dataset/Hyperspectral_corn_seed_dataset/Hyperspectral_corn_seed_dataset/Hyperspectral_corn_seed_dataset/Sidanuo No.44/1.hdr,/data/r1032016/additional_corn_dataset/Hyperspectral_corn_seed_dataset/Hyperspectral_corn_seed_dataset/Hyperspectral_corn_seed_dataset/Sidanuo No.44/1.spe,VIP 1-band CNN
Sidanuo No.44__2,corn,external_scene,Sidanuo No.44,1,1,True,0.9517709612846375,0,0.027065495029091835,4,0.9517709612846375,0,0.02116353064775467,corn,Sidanuo No.44,Sidanuo No.44,Sidanuo No.44/2.hdr,/data/r1032016/additional_corn_dataset/Hyperspectral_corn_seed_dataset/Hyperspectral_corn_seed_dataset/Hyperspectral_corn_seed_dataset/Sidanuo No.44/2.hdr,/data/r1032016/additional_corn_dataset/Hyperspectral_corn_seed_dataset/Hyperspectral_corn_seed_dataset/Hyperspectral_corn_seed_dataset/Sidanuo No.44/2.spe,VIP 1-band CNN
Yuecainuo No.2__1,corn,external_scene,Yuecainuo No.2,1,1,True,0.9303779602050781,0,0.04366109520196915,4,0.9303779602050781,0,0.025960953906178474,corn,Yuecainuo No.2,Yuecainuo No.2,Yuecainuo No.2/1.hdr,/data/r1032016/additional_corn_dataset/Hyperspectral_corn_seed_dataset/Hyperspectral_corn_seed_dataset/Hyperspectral_corn_seed_dataset/Yuecainuo No.2/1.hdr,/data/r1032016/additional_corn_dataset/Hyperspectral_corn_seed_dataset/Hyperspectral_corn_seed_dataset/Hyperspectral_corn_seed_dataset/Yuecainuo No.2/1.spe,VIP 1-band CNN
Yuecainuo No.2__2,corn,external_scene,Yuecainuo No.2,1,1,True,0.9362995028495789,0,0.0381472222507,4,0.9362995028495789,0,0.02555328793823719,corn,Yuecainuo No.2,Yuecainuo No.2,Yuecainuo No.2/2.hdr,/data/r1032016/additional_corn_dataset/Hyperspectral_corn_seed_dataset/Hyperspectral_corn_seed_dataset/Hyperspectral_corn_seed_dataset/Yuecainuo No.2/2.hdr,/data/r1032016/additional_corn_dataset/Hyperspectral_corn_seed_dataset/Hyperspectral_corn_seed_dataset/Hyperspectral_corn_seed_dataset/Yuecainuo No.2/2.spe,VIP 1-band CNN
Zhenzhunuo No.8__1,corn,external_scene,Zhenzhunuo No.8,1,1,True,0.9743364453315735,0,0.01112940814346075,4,0.9743364453315735,0,0.01453413162380457,corn,Zhenzhunuo No.8,Zhenzhunuo No.8,Zhenzhunuo No.8/1.hdr,/data/r1032016/additional_corn_dataset/Hyperspectral_corn_seed_dataset/Hyperspectral_corn_seed_dataset/Hyperspectral_corn_seed_dataset/Zhenzhunuo No.8/1.hdr,/data/r1032016/additional_corn_dataset/Hyperspectral_corn_seed_dataset/Hyperspectral_corn_seed_dataset/Hyperspectral_corn_seed_dataset/Zhenzhunuo No.8/1.spe,VIP 1-band CNN
Zhenzhunuo No.8__2,corn,external_scene,Zhenzhunuo No.8,1,1,True,0.9738560318946838,0,0.01144707202911377,4,0.9738560318946838,0,0.014696876518428326,corn,Zhenzhunuo No.8,Zhenzhunuo No.8,Zhenzhunuo No.8/2.hdr,/data/r1032016/additional_corn_dataset/Hyperspectral_corn_seed_dataset/Hyperspectral_corn_seed_dataset/Hyperspectral_corn_seed_dataset/Zhenzhunuo No.8/2.hdr,/data/r1032016/additional_corn_dataset/Hyperspectral_corn_seed_dataset/Hyperspectral_corn_seed_dataset/Hyperspectral_corn_seed_dataset/Zhenzhunuo No.8/2.spe,VIP 1-band CNN
Zhuyunuo No.1__1,corn,external_scene,Zhuyunuo No.1,1,1,True,0.952979326248169,0,0.0250873900949955,4,0.952979326248169,0,0.02193327620625496,corn,Zhuyunuo No.1,Zhuyunuo No.1,Zhuyunuo No.1/1.hdr,/data/r1032016/additional_corn_dataset/Hyperspectral_corn_seed_dataset/Hyperspectral_corn_seed_dataset/Hyperspectral_corn_seed_dataset/Zhuyunuo No.1/1.hdr,/data/r1032016/additional_corn_dataset/Hyperspectral_corn_seed_dataset/Hyperspectral_corn_seed_dataset/Hyperspectral_corn_seed_dataset/Zhuyunuo No.1/1.spe,VIP 1-band CNN
Zhuyunuo No.1__2,corn,external_scene,Zhuyunuo No.1,1,1,True,0.9607043862342834,0,0.019783440977334976,4,0.9607043862342834,0,0.01951221562922001,corn,Zhuyunuo No.1,Zhuyunuo No.1,Zhuyunuo No.1/2.hdr,/data/r1032016/additional_corn_dataset/Hyperspectral_corn_seed_dataset/Hyperspectral_corn_seed_dataset/Hyperspectral_corn_seed_dataset/Zhuyunuo No.1/2.hdr,/data/r1032016/additional_corn_dataset/Hyperspectral_corn_seed_dataset/Hyperspectral_corn_seed_dataset/Hyperspectral_corn_seed_dataset/Zhuyunuo No.1/2.spe,VIP 1-band CNN
Zhuyutian No.1__1,corn,external_scene,Zhuyutian No.1,1,1,True,0.9445303678512573,0,0.032989855855703354,4,0.9445303678512573,0,0.0224798284471035,corn,Zhuyutian No.1,Zhuyutian No.1,Zhuyutian No.1/1.hdr,/data/r1032016/additional_corn_dataset/Hyperspectral_corn_seed_dataset/Hyperspectral_corn_seed_dataset/Hyperspectral_corn_seed_dataset/Zhuyutian No.1/1.hdr,/data/r1032016/additional_corn_dataset/Hyperspectral_corn_seed_dataset/Hyperspectral_corn_seed_dataset/Hyperspectral_corn_seed_dataset/Zhuyutian No.1/1.spe,VIP 1-band CNN
Caitiannuo No.6__1,corn,external_scene,Caitiannuo No.6,1,1,True,0.9525102376937866,0,0.026002205908298492,4,0.9525102376937866,0,0.02148754522204399,corn,Caitiannuo No.6,Caitiannuo No.6,Caitiannuo No.6/1.hdr,/data/r1032016/additional_corn_dataset/Hyperspectral_corn_seed_dataset/Hyperspectral_corn_seed_dataset/Hyperspectral_corn_seed_dataset/Caitiannuo No.6/1.hdr,/data/r1032016/additional_corn_dataset/Hyperspectral_corn_seed_dataset/Hyperspectral_corn_seed_dataset/Hyperspectral_corn_seed_dataset/Caitiannuo No.6/1.spe,PCA 3-band CNN
Caitiannuo No.6__2,corn,external_scene,Caitiannuo No.6,1,1,True,0.952681303024292,0,0.025919370353221893,4,0.952681303024292,0,0.021399319171905518,corn,Caitiannuo No.6,Caitiannuo No.6,Caitiannuo No.6/2.hdr,/data/r1032016/additional_corn_dataset/Hyperspectral_corn_seed_dataset/Hyperspectral_corn_seed_dataset/Hyperspectral_corn_seed_dataset/Caitiannuo No.6/2.hdr,/data/r1032016/additional_corn_dataset/Hyperspectral_corn_seed_dataset/Hyperspectral_corn_seed_dataset/Hyperspectral_corn_seed_dataset/Caitiannuo No.6/2.spe,PCA 3-band CNN
Jinxitian__1,corn,external_scene,Jinxitian,1,1,True,0.949772298336029,0,0.02791685424745083,4,0.949772298336029,0,0.022310882806777954,corn,Jinxitian,Jinxitian,Jinxitian/1.hdr,/data/r1032016/additional_corn_dataset/Hyperspectral_corn_seed_dataset/Hyperspectral_corn_seed_dataset/Hyperspectral_corn_seed_dataset/Jinxitian/1.hdr,/data/r1032016/additional_corn_dataset/Hyperspectral_corn_seed_dataset/Hyperspectral_corn_seed_dataset/Hyperspectral_corn_seed_dataset/Jinxitian/1.spe,PCA 3-band CNN
Jinxitian__2,corn,external_scene,Jinxitian,1,1,True,0.9507473111152649,0,0.026456240564584732,4,0.9507473111152649,0,0.02279643900692463,corn,Jinxitian,Jinxitian,Jinxitian/2.hdr,/data/r1032016/additional_corn_dataset/Hyperspectral_corn_seed_dataset/Hyperspectral_corn_seed_dataset/Hyperspectral_corn_seed_dataset/Jinxitian/2.hdr,/data/r1032016/additional_corn_dataset/Hyperspectral_corn_seed_dataset/Hyperspectral_corn_seed_dataset/Hyperspectral_corn_seed_dataset/Jinxitian/2.spe,PCA 3-band CNN
Mihuatiannuo No.3__1,corn,external_scene,Mihuatiannuo No.3,1,1,True,0.9403352737426758,0,0.033940963447093964,4,0.9403352737426758,0,0.02572377398610115,corn,Mihuatiannuo No.3,Mihuatiannuo No.3,Mihuatiannuo No.3/1.hdr,/data/r1032016/additional_corn_dataset/Hyperspectral_corn_seed_dataset/Hyperspectral_corn_seed_dataset/Hyperspectral_corn_seed_dataset/Mihuatiannuo No.3/1.hdr,/data/r1032016/additional_corn_dataset/Hyperspectral_corn_seed_dataset/Hyperspectral_corn_seed_dataset/Hyperspectral_corn_seed_dataset/Mihuatiannuo No.3/1.spe,PCA 3-band CNN
Mihuatiannuo No.3__2,corn,external_scene,Mihuatiannuo No.3,1,1,True,0.9308302402496338,0,0.04194771498441696,4,0.9308302402496338,0,0.02722197026014328,corn,Mihuatiannuo No.3,Mihuatiannuo No.3,Mihuatiannuo No.3/2.hdr,/data/r1032016/additional_corn_dataset/Hyperspectral_corn_seed_dataset/Hyperspectral_corn_seed_dataset/Hyperspectral_corn_seed_dataset/Mihuatiannuo No.3/2.hdr,/data/r1032016/additional_corn_dataset/Hyperspectral_corn_seed_dataset/Hyperspectral_corn_seed_dataset/Hyperspectral_corn_seed_dataset/Mihuatiannuo No.3/2.spe,PCA 3-band CNN
Mitiannuo No.1__1,corn,external_scene,Mitiannuo No.1,1,1,True,0.9473565816879272,0,0.028158951550722122,4,0.9473565816879272,0,0.02448447048664093,corn,Mitiannuo No.1,Mitiannuo No.1,Mitiannuo No.1/1.hdr,/data/r1032016/additional_corn_dataset/Hyperspectral_corn_seed_dataset/Hyperspectral_corn_seed_dataset/Hyperspectral_corn_seed_dataset/Mitiannuo No.1/1.hdr,/data/r1032016/additional_corn_dataset/Hyperspectral_corn_seed_dataset/Hyperspectral_corn_seed_dataset/Hyperspectral_corn_seed_dataset/Mitiannuo No.1/1.spe,PCA 3-band CNN
Mitiannuo No.1__2,corn,external_scene,Mitiannuo No.1,1,1,True,0.9455209970474243,0,0.029759157449007034,4,0.9455209970474243,0,0.02471989020705223,corn,Mitiannuo No.1,Mitiannuo No.1,Mitiannuo No.1/2.hdr,/data/r1032016/additional_corn_dataset/Hyperspectral_corn_seed_dataset/Hyperspectral_corn_seed_dataset/Hyperspectral_corn_seed_dataset/Mitiannuo No.1/2.hdr,/data/r1032016/additional_corn_dataset/Hyperspectral_corn_seed_dataset/Hyperspectral_corn_seed_dataset/Hyperspectral_corn_seed_dataset/Mitiannuo No.1/2.spe,PCA 3-band CNN
Mitiannuo No.4__1,corn,external_scene,Mitiannuo No.4,1,1,True,0.9505208134651184,0,0.02622814103960991,4,0.9505208134651184,0,0.023251039907336235,corn,Mitiannuo No.4,Mitiannuo No.4,Mitiannuo No.4/1.hdr,/data/r1032016/additional_corn_dataset/Hyperspectral_corn_seed_dataset/Hyperspectral_corn_seed_dataset/Hyperspectral_corn_seed_dataset/Mitiannuo No.4/1.hdr,/data/r1032016/additional_corn_dataset/Hyperspectral_corn_seed_dataset/Hyperspectral_corn_seed_dataset/Hyperspectral_corn_seed_dataset/Mitiannuo No.4/1.spe,PCA 3-band CNN
Mitiannuo No.4__2,corn,external_scene,Mitiannuo No.4,1,1,True,0.949741780757904,0,0.02668134495615959,4,0.949741780757904,0,0.02357688546180725,corn,Mitiannuo No.4,Mitiannuo No.4,Mitiannuo No.4/2.hdr,/data/r1032016/additional_corn_dataset/Hyperspectral_corn_seed_dataset/Hyperspectral_corn_seed_dataset/Hyperspectral_corn_seed_dataset/Mitiannuo No.4/2.hdr,/data/r1032016/additional_corn_dataset/Hyperspectral_corn_seed_dataset/Hyperspectral_corn_seed_dataset/Hyperspectral_corn_seed_dataset/Mitiannuo No.4/2.spe,PCA 3-band CNN
Sida No.204__1,corn,external_scene,Sida No.204,1,1,True,0.950515627861023,0,0.026321694254875183,4,0.950515627861023,0,0.023162679746747017,corn,Sida No.204,Sida No.204,Sida No.204/1.hdr,/data/r1032016/additional_corn_dataset/Hyperspectral_corn_seed_dataset/Hyperspectral_corn_seed_dataset/Hyperspectral_corn_seed_dataset/Sida No.204/1.hdr,/data/r1032016/additional_corn_dataset/Hyperspectral_corn_seed_dataset/Hyperspectral_corn_seed_dataset/Hyperspectral_corn_seed_dataset/Sida No.204/1.spe,PCA 3-band CNN
Sida No.204__2,corn,external_scene,Sida No.204,1,1,True,0.945831298828125,0,0.028720851987600327,4,0.945831298828125,0,0.025447864085435867,corn,Sida No.204,Sida No.204,Sida No.204/2.hdr,/data/r1032016/additional_corn_dataset/Hyperspectral_corn_seed_dataset/Hyperspectral_corn_seed_dataset/Hyperspectral_corn_seed_dataset/Sida No.204/2.hdr,/data/r1032016/additional_corn_dataset/Hyperspectral_corn_seed_dataset/Hyperspectral_corn_seed_dataset/Hyperspectral_corn_seed_dataset/Sida No.204/2.spe,PCA 3-band CNN
Sidanuo No.38__1,corn,external_scene,Sidanuo No.38,1,1,True,0.9523453712463379,0,0.02575748972594738,4,0.9523453712463379,0,0.021897196769714355,corn,Sidanuo No.38,Sidanuo No.38,Sidanuo No.38/1.hdr,/data/r1032016/additional_corn_dataset/Hyperspectral_corn_seed_dataset/Hyperspectral_corn_seed_dataset/Hyperspectral_corn_seed_dataset/Sidanuo No.38/1.hdr,/data/r1032016/additional_corn_dataset/Hyperspectral_corn_seed_dataset/Hyperspectral_corn_seed_dataset/Hyperspectral_corn_seed_dataset/Sidanuo No.38/1.spe,PCA 3-band CNN
Sidanuo No.38__2,corn,external_scene,Sidanuo No.38,1,1,True,0.948707103729248,0,0.027815770357847214,4,0.948707103729248,0,0.0234770979732275,corn,Sidanuo No.38,Sidanuo No.38,Sidanuo No.38/2.hdr,/data/r1032016/additional_corn_dataset/Hyperspectral_corn_seed_dataset/Hyperspectral_corn_seed_dataset/Hyperspectral_corn_seed_dataset/Sidanuo No.38/2.hdr,/data/r1032016/additional_corn_dataset/Hyperspectral_corn_seed_dataset/Hyperspectral_corn_seed_dataset/Hyperspectral_corn_seed_dataset/Sidanuo No.38/2.spe,PCA 3-band CNN
Sidanuo No.44__1,corn,external_scene,Sidanuo No.44,1,1,True,0.9498711228370667,0,0.026473695412278175,4,0.9498711228370667,0,0.023655151948332787,corn,Sidanuo No.44,Sidanuo No.44,Sidanuo No.44/1.hdr,/data/r1032016/additional_corn_dataset/Hyperspectral_corn_seed_dataset/Hyperspectral_corn_seed_dataset/Hyperspectral_corn_seed_dataset/Sidanuo No.44/1.hdr,/data/r1032016/additional_corn_dataset/Hyperspectral_corn_seed_dataset/Hyperspectral_corn_seed_dataset/Hyperspectral_corn_seed_dataset/Sidanuo No.44/1.spe,PCA 3-band CNN
Sidanuo No.44__2,corn,external_scene,Sidanuo No.44,1,1,True,0.9503495693206787,0,0.02616167441010475,4,0.9503495693206787,0,0.023488741368055344,corn,Sidanuo No.44,Sidanuo No.44,Sidanuo No.44/2.hdr,/data/r1032016/additional_corn_dataset/Hyperspectral_corn_seed_dataset/Hyperspectral_corn_seed_dataset/Hyperspectral_corn_seed_dataset/Sidanuo No.44/2.hdr,/data/r1032016/additional_corn_dataset/Hyperspectral_corn_seed_dataset/Hyperspectral_corn_seed_dataset/Hyperspectral_corn_seed_dataset/Sidanuo No.44/2.spe,PCA 3-band CNN
Yuecainuo No.2__1,corn,external_scene,Yuecainuo No.2,1,1,True,0.947788655757904,0,0.029195476323366165,4,0.947788655757904,0,0.023015793412923813,corn,Yuecainuo No.2,Yuecainuo No.2,Yuecainuo No.2/1.hdr,/data/r1032016/additional_corn_dataset/Hyperspectral_corn_seed_dataset/Hyperspectral_corn_seed_dataset/Hyperspectral_corn_seed_dataset/Yuecainuo No.2/1.hdr,/data/r1032016/additional_corn_dataset/Hyperspectral_corn_seed_dataset/Hyperspectral_corn_seed_dataset/Hyperspectral_corn_seed_dataset/Yuecainuo No.2/1.spe,PCA 3-band CNN
Yuecainuo No.2__2,corn,external_scene,Yuecainuo No.2,1,1,True,0.948074460029602,0,0.02882475033402443,4,0.948074460029602,0,0.02310081571340561,corn,Yuecainuo No.2,Yuecainuo No.2,Yuecainuo No.2/2.hdr,/data/r1032016/additional_corn_dataset/Hyperspectral_corn_seed_dataset/Hyperspectral_corn_seed_dataset/Hyperspectral_corn_seed_dataset/Yuecainuo No.2/2.hdr,/data/r1032016/additional_corn_dataset/Hyperspectral_corn_seed_dataset/Hyperspectral_corn_seed_dataset/Hyperspectral_corn_seed_dataset/Yuecainuo No.2/2.spe,PCA 3-band CNN
Zhenzhunuo No.8__1,corn,external_scene,Zhenzhunuo No.8,1,1,True,0.9323574900627136,0,0.03998108208179474,4,0.9323574900627136,0,0.02766145020723343,corn,Zhenzhunuo No.8,Zhenzhunuo No.8,Zhenzhunuo No.8/1.hdr,/data/r1032016/additional_corn_dataset/Hyperspectral_corn_seed_dataset/Hyperspectral_corn_seed_dataset/Hyperspectral_corn_seed_dataset/Zhenzhunuo No.8/1.hdr,/data/r1032016/additional_corn_dataset/Hyperspectral_corn_seed_dataset/Hyperspectral_corn_seed_dataset/Hyperspectral_corn_seed_dataset/Zhenzhunuo No.8/1.spe,PCA 3-band CNN
Zhenzhunuo No.8__2,corn,external_scene,Zhenzhunuo No.8,1,1,True,0.9353575706481934,0,0.03895566239953041,4,0.9353575706481934,0,0.02568679302930832,corn,Zhenzhunuo No.8,Zhenzhunuo No.8,Zhenzhunuo No.8/2.hdr,/data/r1032016/additional_corn_dataset/Hyperspectral_corn_seed_dataset/Hyperspectral_corn_seed_dataset/Hyperspectral_corn_seed_dataset/Zhenzhunuo No.8/2.hdr,/data/r1032016/additional_corn_dataset/Hyperspectral_corn_seed_dataset/Hyperspectral_corn_seed_dataset/Hyperspectral_corn_seed_dataset/Zhenzhunuo No.8/2.spe,PCA 3-band CNN
Zhuyunuo No.1__1,corn,external_scene,Zhuyunuo No.1,1,1,True,0.9464309811592102,0,0.02924000844359398,4,0.9464309811592102,0,0.0243290513753891,corn,Zhuyunuo No.1,Zhuyunuo No.1,Zhuyunuo No.1/1.hdr,/data/r1032016/additional_corn_dataset/Hyperspectral_corn_seed_dataset/Hyperspectral_corn_seed_dataset/Hyperspectral_corn_seed_dataset/Zhuyunuo No.1/1.hdr,/data/r1032016/additional_corn_dataset/Hyperspectral_corn_seed_dataset/Hyperspectral_corn_seed_dataset/Hyperspectral_corn_seed_dataset/Zhuyunuo No.1/1.spe,PCA 3-band CNN
Zhuyunuo No.1__2,corn,external_scene,Zhuyunuo No.1,1,1,True,0.9477376937866211,0,0.02879917435348034,4,0.9477376937866211,0,0.02346312254667282,corn,Zhuyunuo No.1,Zhuyunuo No.1,Zhuyunuo No.1/2.hdr,/data/r1032016/additional_corn_dataset/Hyperspectral_corn_seed_dataset/Hyperspectral_corn_seed_dataset/Hyperspectral_corn_seed_dataset/Zhuyunuo No.1/2.hdr,/data/r1032016/additional_corn_dataset/Hyperspectral_corn_seed_dataset/Hyperspectral_corn_seed_dataset/Hyperspectral_corn_seed_dataset/Zhuyunuo No.1/2.spe,PCA 3-band CNN
Zhuyutian No.1__1,corn,external_scene,Zhuyutian No.1,1,1,True,0.9570849537849426,0,0.022820066660642624,4,0.9570849537849426,0,0.020094947889447212,corn,Zhuyutian No.1,Zhuyutian No.1,Zhuyutian No.1/1.hdr,/data/r1032016/additional_corn_dataset/Hyperspectral_corn_seed_dataset/Hyperspectral_corn_seed_dataset/Hyperspectral_corn_seed_dataset/Zhuyutian No.1/1.hdr,/data/r1032016/additional_corn_dataset/Hyperspectral_corn_seed_dataset/Hyperspectral_corn_seed_dataset/Hyperspectral_corn_seed_dataset/Zhuyutian No.1/1.spe,PCA 3-band CNN
Caitiannuo No.6__1,corn,external_scene,Caitiannuo No.6,1,1,True,0.9604364037513733,0,0.021943945437669754,4,0.9604364037513733,0,0.017619663849473,corn,Caitiannuo No.6,Caitiannuo No.6,Caitiannuo No.6/1.hdr,/data/r1032016/additional_corn_dataset/Hyperspectral_corn_seed_dataset/Hyperspectral_corn_seed_dataset/Hyperspectral_corn_seed_dataset/Caitiannuo No.6/1.hdr,/data/r1032016/additional_corn_dataset/Hyperspectral_corn_seed_dataset/Hyperspectral_corn_seed_dataset/Hyperspectral_corn_seed_dataset/Caitiannuo No.6/1.spe,VIP 3-band CNN
Caitiannuo No.6__2,corn,external_scene,Caitiannuo No.6,1,1,True,0.9592440724372864,0,0.022871913388371468,4,0.9592440724372864,0,0.0178840309381485,corn,Caitiannuo No.6,Caitiannuo No.6,Caitiannuo No.6/2.hdr,/data/r1032016/additional_corn_dataset/Hyperspectral_corn_seed_dataset/Hyperspectral_corn_seed_dataset/Hyperspectral_corn_seed_dataset/Caitiannuo No.6/2.hdr,/data/r1032016/additional_corn_dataset/Hyperspectral_corn_seed_dataset/Hyperspectral_corn_seed_dataset/Hyperspectral_corn_seed_dataset/Caitiannuo No.6/2.spe,VIP 3-band CNN
Jinxitian__1,corn,external_scene,Jinxitian,1,1,True,0.9513515830039978,0,0.027262724936008453,4,0.9513515830039978,0,0.021385615691542625,corn,Jinxitian,Jinxitian,Jinxitian/1.hdr,/data/r1032016/additional_corn_dataset/Hyperspectral_corn_seed_dataset/Hyperspectral_corn_seed_dataset/Hyperspectral_corn_seed_dataset/Jinxitian/1.hdr,/data/r1032016/additional_corn_dataset/Hyperspectral_corn_seed_dataset/Hyperspectral_corn_seed_dataset/Hyperspectral_corn_seed_dataset/Jinxitian/1.spe,VIP 3-band CNN
Jinxitian__2,corn,external_scene,Jinxitian,1,1,True,0.9549819231033325,0,0.02409793809056282,4,0.9549819231033325,0,0.020920125767588615,corn,Jinxitian,Jinxitian,Jinxitian/2.hdr,/data/r1032016/additional_corn_dataset/Hyperspectral_corn_seed_dataset/Hyperspectral_corn_seed_dataset/Hyperspectral_corn_seed_dataset/Jinxitian/2.hdr,/data/r1032016/additional_corn_dataset/Hyperspectral_corn_seed_dataset/Hyperspectral_corn_seed_dataset/Hyperspectral_corn_seed_dataset/Jinxitian/2.spe,VIP 3-band CNN
Mihuatiannuo No.3__1,corn,external_scene,Mihuatiannuo No.3,1,1,True,0.9336528182029724,0,0.04271971434354782,4,0.9336528182029724,0,0.02362746000289917,corn,Mihuatiannuo No.3,Mihuatiannuo No.3,Mihuatiannuo No.3/1.hdr,/data/r1032016/additional_corn_dataset/Hyperspectral_corn_seed_dataset/Hyperspectral_corn_seed_dataset/Hyperspectral_corn_seed_dataset/Mihuatiannuo No.3/1.hdr,/data/r1032016/additional_corn_dataset/Hyperspectral_corn_seed_dataset/Hyperspectral_corn_seed_dataset/Hyperspectral_corn_seed_dataset/Mihuatiannuo No.3/1.spe,VIP 3-band CNN
Mihuatiannuo No.3__2,corn,external_scene,Mihuatiannuo No.3,1,1,True,0.8695696592330933,0,0.1023913323879242,4,0.8695696592330933,0,0.02803899720311165,corn,Mihuatiannuo No.3,Mihuatiannuo No.3,Mihuatiannuo No.3/2.hdr,/data/r1032016/additional_corn_dataset/Hyperspectral_corn_seed_dataset/Hyperspectral_corn_seed_dataset/Hyperspectral_corn_seed_dataset/Mihuatiannuo No.3/2.hdr,/data/r1032016/additional_corn_dataset/Hyperspectral_corn_seed_dataset/Hyperspectral_corn_seed_dataset/Hyperspectral_corn_seed_dataset/Mihuatiannuo No.3/2.spe,VIP 3-band CNN
Mitiannuo No.1__1,corn,external_scene,Mitiannuo No.1,1,1,True,0.9553343057632446,0,0.023864947259426117,4,0.9553343057632446,0,0.020800692960619926,corn,Mitiannuo No.1,Mitiannuo No.1,Mitiannuo No.1/1.hdr,/data/r1032016/additional_corn_dataset/Hyperspectral_corn_seed_dataset/Hyperspectral_corn_seed_dataset/Hyperspectral_corn_seed_dataset/Mitiannuo No.1/1.hdr,/data/r1032016/additional_corn_dataset/Hyperspectral_corn_seed_dataset/Hyperspectral_corn_seed_dataset/Hyperspectral_corn_seed_dataset/Mitiannuo No.1/1.spe,VIP 3-band CNN
Mitiannuo No.1__2,corn,external_scene,Mitiannuo No.1,1,1,True,0.9530059695243835,0,0.025548573583364487,4,0.9530059695243835,0,0.02144545316696167,corn,Mitiannuo No.1,Mitiannuo No.1,Mitiannuo No.1/2.hdr,/data/r1032016/additional_corn_dataset/Hyperspectral_corn_seed_dataset/Hyperspectral_corn_seed_dataset/Hyperspectral_corn_seed_dataset/Mitiannuo No.1/2.hdr,/data/r1032016/additional_corn_dataset/Hyperspectral_corn_seed_dataset/Hyperspectral_corn_seed_dataset/Hyperspectral_corn_seed_dataset/Mitiannuo No.1/2.spe,VIP 3-band CNN
Mitiannuo No.4__1,corn,external_scene,Mitiannuo No.4,1,1,True,0.9543156623840332,0,0.02427304908633232,4,0.9543156623840332,0,0.021411314606666565,corn,Mitiannuo No.4,Mitiannuo No.4,Mitiannuo No.4/1.hdr,/data/r1032016/additional_corn_dataset/Hyperspectral_corn_seed_dataset/Hyperspectral_corn_seed_dataset/Hyperspectral_corn_seed_dataset/Mitiannuo No.4/1.hdr,/data/r1032016/additional_corn_dataset/Hyperspectral_corn_seed_dataset/Hyperspectral_corn_seed_dataset/Hyperspectral_corn_seed_dataset/Mitiannuo No.4/1.spe,VIP 3-band CNN
Mitiannuo No.4__2,corn,external_scene,Mitiannuo No.4,1,1,True,0.9527158141136169,0,0.025243645533919334,4,0.9527158141136169,0,0.022040506824851036,corn,Mitiannuo No.4,Mitiannuo No.4,Mitiannuo No.4/2.hdr,/data/r1032016/additional_corn_dataset/Hyperspectral_corn_seed_dataset/Hyperspectral_corn_seed_dataset/Hyperspectral_corn_seed_dataset/Mitiannuo No.4/2.hdr,/data/r1032016/additional_corn_dataset/Hyperspectral_corn_seed_dataset/Hyperspectral_corn_seed_dataset/Hyperspectral_corn_seed_dataset/Mitiannuo No.4/2.spe,VIP 3-band CNN
Sida No.204__1,corn,external_scene,Sida No.204,1,1,True,0.958823025226593,0,0.021623937413096428,4,0.958823025226593,0,0.019553011283278465,corn,Sida No.204,Sida No.204,Sida No.204/1.hdr,/data/r1032016/additional_corn_dataset/Hyperspectral_corn_seed_dataset/Hyperspectral_corn_seed_dataset/Hyperspectral_corn_seed_dataset/Sida No.204/1.hdr,/data/r1032016/additional_corn_dataset/Hyperspectral_corn_seed_dataset/Hyperspectral_corn_seed_dataset/Hyperspectral_corn_seed_dataset/Sida No.204/1.spe,VIP 3-band CNN
Sida No.204__2,corn,external_scene,Sida No.204,1,1,True,0.9537750482559204,0,0.024829555302858353,4,0.9537750482559204,0,0.021395361050963402,corn,Sida No.204,Sida No.204,Sida No.204/2.hdr,/data/r1032016/additional_corn_dataset/Hyperspectral_corn_seed_dataset/Hyperspectral_corn_seed_dataset/Hyperspectral_corn_seed_dataset/Sida No.204/2.hdr,/data/r1032016/additional_corn_dataset/Hyperspectral_corn_seed_dataset/Hyperspectral_corn_seed_dataset/Hyperspectral_corn_seed_dataset/Sida No.204/2.spe,VIP 3-band CNN
Sidanuo No.38__1,corn,external_scene,Sidanuo No.38,1,1,True,0.9610211849212646,0,0.02149059623479843,4,0.9610211849212646,0,0.01748819276690483,corn,Sidanuo No.38,Sidanuo No.38,Sidanuo No.38/1.hdr,/data/r1032016/additional_corn_dataset/Hyperspectral_corn_seed_dataset/Hyperspectral_corn_seed_dataset/Hyperspectral_corn_seed_dataset/Sidanuo No.38/1.hdr,/data/r1032016/additional_corn_dataset/Hyperspectral_corn_seed_dataset/Hyperspectral_corn_seed_dataset/Hyperspectral_corn_seed_dataset/Sidanuo No.38/1.spe,VIP 3-band CNN
Sidanuo No.38__2,corn,external_scene,Sidanuo No.38,1,1,True,0.9590546488761902,0,0.022403428331017494,4,0.9590546488761902,0,0.018541909754276276,corn,Sidanuo No.38,Sidanuo No.38,Sidanuo No.38/2.hdr,/data/r1032016/additional_corn_dataset/Hyperspectral_corn_seed_dataset/Hyperspectral_corn_seed_dataset/Hyperspectral_corn_seed_dataset/Sidanuo No.38/2.hdr,/data/r1032016/additional_corn_dataset/Hyperspectral_corn_seed_dataset/Hyperspectral_corn_seed_dataset/Hyperspectral_corn_seed_dataset/Sidanuo No.38/2.spe,VIP 3-band CNN
Sidanuo No.44__1,corn,external_scene,Sidanuo No.44,1,1,True,0.9562547206878662,0,0.02279849536716938,4,0.9562547206878662,0,0.02094683051109314,corn,Sidanuo No.44,Sidanuo No.44,Sidanuo No.44/1.hdr,/data/r1032016/additional_corn_dataset/Hyperspectral_corn_seed_dataset/Hyperspectral_corn_seed_dataset/Hyperspectral_corn_seed_dataset/Sidanuo No.44/1.hdr,/data/r1032016/additional_corn_dataset/Hyperspectral_corn_seed_dataset/Hyperspectral_corn_seed_dataset/Hyperspectral_corn_seed_dataset/Sidanuo No.44/1.spe,VIP 3-band CNN
Sidanuo No.44__2,corn,external_scene,Sidanuo No.44,1,1,True,0.9564712047576904,0,0.022665290161967278,4,0.9564712047576904,0,0.02086348459124565,corn,Sidanuo No.44,Sidanuo No.44,Sidanuo No.44/2.hdr,/data/r1032016/additional_corn_dataset/Hyperspectral_corn_seed_dataset/Hyperspectral_corn_seed_dataset/Hyperspectral_corn_seed_dataset/Sidanuo No.44/2.hdr,/data/r1032016/additional_corn_dataset/Hyperspectral_corn_seed_dataset/Hyperspectral_corn_seed_dataset/Hyperspectral_corn_seed_dataset/Sidanuo No.44/2.spe,VIP 3-band CNN
Yuecainuo No.2__1,corn,external_scene,Yuecainuo No.2,1,1,True,0.9503561854362488,0,0.029541997238993645,4,0.9503561854362488,0,0.020101826637983322,corn,Yuecainuo No.2,Yuecainuo No.2,Yuecainuo No.2/1.hdr,/data/r1032016/additional_corn_dataset/Hyperspectral_corn_seed_dataset/Hyperspectral_corn_seed_dataset/Hyperspectral_corn_seed_dataset/Yuecainuo No.2/1.hdr,/data/r1032016/additional_corn_dataset/Hyperspectral_corn_seed_dataset/Hyperspectral_corn_seed_dataset/Hyperspectral_corn_seed_dataset/Yuecainuo No.2/1.spe,VIP 3-band CNN
Yuecainuo No.2__2,corn,external_scene,Yuecainuo No.2,1,1,True,0.9534714221954346,0,0.026906201615929604,4,0.9534714221954346,0,0.019622348248958588,corn,Yuecainuo No.2,Yuecainuo No.2,Yuecainuo No.2/2.hdr,/data/r1032016/additional_corn_dataset/Hyperspectral_corn_seed_dataset/Hyperspectral_corn_seed_dataset/Hyperspectral_corn_seed_dataset/Yuecainuo No.2/2.hdr,/data/r1032016/additional_corn_dataset/Hyperspectral_corn_seed_dataset/Hyperspectral_corn_seed_dataset/Hyperspectral_corn_seed_dataset/Yuecainuo No.2/2.spe,VIP 3-band CNN
Zhenzhunuo No.8__1,corn,external_scene,Zhenzhunuo No.8,1,1,True,0.8687183260917664,0,0.10099536180496216,4,0.8687183260917664,0,0.030286304652690887,corn,Zhenzhunuo No.8,Zhenzhunuo No.8,Zhenzhunuo No.8/1.hdr,/data/r1032016/additional_corn_dataset/Hyperspectral_corn_seed_dataset/Hyperspectral_corn_seed_dataset/Hyperspectral_corn_seed_dataset/Zhenzhunuo No.8/1.hdr,/data/r1032016/additional_corn_dataset/Hyperspectral_corn_seed_dataset/Hyperspectral_corn_seed_dataset/Hyperspectral_corn_seed_dataset/Zhenzhunuo No.8/1.spe,VIP 3-band CNN
Zhenzhunuo No.8__2,corn,external_scene,Zhenzhunuo No.8,1,1,True,0.8384486436843872,0,0.13278982043266296,4,0.8384486436843872,0,0.02876158058643341,corn,Zhenzhunuo No.8,Zhenzhunuo No.8,Zhenzhunuo No.8/2.hdr,/data/r1032016/additional_corn_dataset/Hyperspectral_corn_seed_dataset/Hyperspectral_corn_seed_dataset/Hyperspectral_corn_seed_dataset/Zhenzhunuo No.8/2.hdr,/data/r1032016/additional_corn_dataset/Hyperspectral_corn_seed_dataset/Hyperspectral_corn_seed_dataset/Hyperspectral_corn_seed_dataset/Zhenzhunuo No.8/2.spe,VIP 3-band CNN
Zhuyunuo No.1__1,corn,external_scene,Zhuyunuo No.1,1,1,True,0.9545202255249023,0,0.025556549429893494,4,0.9545202255249023,0,0.019923226907849312,corn,Zhuyunuo No.1,Zhuyunuo No.1,Zhuyunuo No.1/1.hdr,/data/r1032016/additional_corn_dataset/Hyperspectral_corn_seed_dataset/Hyperspectral_corn_seed_dataset/Hyperspectral_corn_seed_dataset/Zhuyunuo No.1/1.hdr,/data/r1032016/additional_corn_dataset/Hyperspectral_corn_seed_dataset/Hyperspectral_corn_seed_dataset/Hyperspectral_corn_seed_dataset/Zhuyunuo No.1/1.spe,VIP 3-band CNN
Zhuyunuo No.1__2,corn,external_scene,Zhuyunuo No.1,1,1,True,0.956488311290741,0,0.024342890828847885,4,0.956488311290741,0,0.01916879042983055,corn,Zhuyunuo No.1,Zhuyunuo No.1,Zhuyunuo No.1/2.hdr,/data/r1032016/additional_corn_dataset/Hyperspectral_corn_seed_dataset/Hyperspectral_corn_seed_dataset/Hyperspectral_corn_seed_dataset/Zhuyunuo No.1/2.hdr,/data/r1032016/additional_corn_dataset/Hyperspectral_corn_seed_dataset/Hyperspectral_corn_seed_dataset/Hyperspectral_corn_seed_dataset/Zhuyunuo No.1/2.spe,VIP 3-band CNN
Zhuyutian No.1__1,corn,external_scene,Zhuyutian No.1,1,1,True,0.9632516503334045,0,0.019405324012041092,4,0.9632516503334045,0,0.017343008890748024,corn,Zhuyutian No.1,Zhuyutian No.1,Zhuyutian No.1/1.hdr,/data/r1032016/additional_corn_dataset/Hyperspectral_corn_seed_dataset/Hyperspectral_corn_seed_dataset/Hyperspectral_corn_seed_dataset/Zhuyutian No.1/1.hdr,/data/r1032016/additional_corn_dataset/Hyperspectral_corn_seed_dataset/Hyperspectral_corn_seed_dataset/Hyperspectral_corn_seed_dataset/Zhuyutian No.1/1.spe,VIP 3-band CNN
Caitiannuo No.6__1,corn,external_scene,Caitiannuo No.6,1,1,True,0.9494778513908386,0,0.026336509734392166,4,0.9494778513908386,0,0.02418564073741436,corn,Caitiannuo No.6,Caitiannuo No.6,Caitiannuo No.6/1.hdr,/data/r1032016/additional_corn_dataset/Hyperspectral_corn_seed_dataset/Hyperspectral_corn_seed_dataset/Hyperspectral_corn_seed_dataset/Caitiannuo No.6/1.hdr,/data/r1032016/additional_corn_dataset/Hyperspectral_corn_seed_dataset/Hyperspectral_corn_seed_dataset/Hyperspectral_corn_seed_dataset/Caitiannuo No.6/1.spe,RGB 3-band CNN
Caitiannuo No.6__2,corn,external_scene,Caitiannuo No.6,1,1,True,0.9506829380989075,0,0.025568887591362,4,0.9506829380989075,0,0.023748142644762993,corn,Caitiannuo No.6,Caitiannuo No.6,Caitiannuo No.6/2.hdr,/data/r1032016/additional_corn_dataset/Hyperspectral_corn_seed_dataset/Hyperspectral_corn_seed_dataset/Hyperspectral_corn_seed_dataset/Caitiannuo No.6/2.hdr,/data/r1032016/additional_corn_dataset/Hyperspectral_corn_seed_dataset/Hyperspectral_corn_seed_dataset/Hyperspectral_corn_seed_dataset/Caitiannuo No.6/2.spe,RGB 3-band CNN
Jinxitian__1,corn,external_scene,Jinxitian,1,1,True,0.9516433477401733,0,0.02512894943356514,4,0.9516433477401733,0,0.023227710276842117,corn,Jinxitian,Jinxitian,Jinxitian/1.hdr,/data/r1032016/additional_corn_dataset/Hyperspectral_corn_seed_dataset/Hyperspectral_corn_seed_dataset/Hyperspectral_corn_seed_dataset/Jinxitian/1.hdr,/data/r1032016/additional_corn_dataset/Hyperspectral_corn_seed_dataset/Hyperspectral_corn_seed_dataset/Hyperspectral_corn_seed_dataset/Jinxitian/1.spe,RGB 3-band CNN
Jinxitian__2,corn,external_scene,Jinxitian,1,1,True,0.9507580995559692,0,0.02559495158493519,4,0.9507580995559692,0,0.023646896705031395,corn,Jinxitian,Jinxitian,Jinxitian/2.hdr,/data/r1032016/additional_corn_dataset/Hyperspectral_corn_seed_dataset/Hyperspectral_corn_seed_dataset/Hyperspectral_corn_seed_dataset/Jinxitian/2.hdr,/data/r1032016/additional_corn_dataset/Hyperspectral_corn_seed_dataset/Hyperspectral_corn_seed_dataset/Hyperspectral_corn_seed_dataset/Jinxitian/2.spe,RGB 3-band CNN
Mihuatiannuo No.3__1,corn,external_scene,Mihuatiannuo No.3,1,1,True,0.9525724053382874,0,0.024693641811609268,4,0.9525724053382874,0,0.022733956575393677,corn,Mihuatiannuo No.3,Mihuatiannuo No.3,Mihuatiannuo No.3/1.hdr,/data/r1032016/additional_corn_dataset/Hyperspectral_corn_seed_dataset/Hyperspectral_corn_seed_dataset/Hyperspectral_corn_seed_dataset/Mihuatiannuo No.3/1.hdr,/data/r1032016/additional_corn_dataset/Hyperspectral_corn_seed_dataset/Hyperspectral_corn_seed_dataset/Hyperspectral_corn_seed_dataset/Mihuatiannuo No.3/1.spe,RGB 3-band CNN
Mihuatiannuo No.3__2,corn,external_scene,Mihuatiannuo No.3,1,1,True,0.9545958638191223,0,0.02362963929772377,4,0.9545958638191223,0,0.02177450805902481,corn,Mihuatiannuo No.3,Mihuatiannuo No.3,Mihuatiannuo No.3/2.hdr,/data/r1032016/additional_corn_dataset/Hyperspectral_corn_seed_dataset/Hyperspectral_corn_seed_dataset/Hyperspectral_corn_seed_dataset/Mihuatiannuo No.3/2.hdr,/data/r1032016/additional_corn_dataset/Hyperspectral_corn_seed_dataset/Hyperspectral_corn_seed_dataset/Hyperspectral_corn_seed_dataset/Mihuatiannuo No.3/2.spe,RGB 3-band CNN
Mitiannuo No.1__1,corn,external_scene,Mitiannuo No.1,1,1,True,0.944535493850708,0,0.02911701798439026,4,0.944535493850708,0,0.026347482576966286,corn,Mitiannuo No.1,Mitiannuo No.1,Mitiannuo No.1/1.hdr,/data/r1032016/additional_corn_dataset/Hyperspectral_corn_seed_dataset/Hyperspectral_corn_seed_dataset/Hyperspectral_corn_seed_dataset/Mitiannuo No.1/1.hdr,/data/r1032016/additional_corn_dataset/Hyperspectral_corn_seed_dataset/Hyperspectral_corn_seed_dataset/Hyperspectral_corn_seed_dataset/Mitiannuo No.1/1.spe,RGB 3-band CNN
Mitiannuo No.1__2,corn,external_scene,Mitiannuo No.1,1,1,True,0.9458293914794922,0,0.028349734842777252,4,0.9458293914794922,0,0.025820866227149963,corn,Mitiannuo No.1,Mitiannuo No.1,Mitiannuo No.1/2.hdr,/data/r1032016/additional_corn_dataset/Hyperspectral_corn_seed_dataset/Hyperspectral_corn_seed_dataset/Hyperspectral_corn_seed_dataset/Mitiannuo No.1/2.hdr,/data/r1032016/additional_corn_dataset/Hyperspectral_corn_seed_dataset/Hyperspectral_corn_seed_dataset/Hyperspectral_corn_seed_dataset/Mitiannuo No.1/2.spe,RGB 3-band CNN
Mitiannuo No.4__1,corn,external_scene,Mitiannuo No.4,1,1,True,0.9495820999145508,0,0.026322901248931885,4,0.9495820999145508,0,0.02409498021006584,corn,Mitiannuo No.4,Mitiannuo No.4,Mitiannuo No.4/1.hdr,/data/r1032016/additional_corn_dataset/Hyperspectral_corn_seed_dataset/Hyperspectral_corn_seed_dataset/Hyperspectral_corn_seed_dataset/Mitiannuo No.4/1.hdr,/data/r1032016/additional_corn_dataset/Hyperspectral_corn_seed_dataset/Hyperspectral_corn_seed_dataset/Hyperspectral_corn_seed_dataset/Mitiannuo No.4/1.spe,RGB 3-band CNN
Mitiannuo No.4__2,corn,external_scene,Mitiannuo No.4,1,1,True,0.9486005306243896,0,0.02688450738787651,4,0.9486005306243896,0,0.024514950811862946,corn,Mitiannuo No.4,Mitiannuo No.4,Mitiannuo No.4/2.hdr,/data/r1032016/additional_corn_dataset/Hyperspectral_corn_seed_dataset/Hyperspectral_corn_seed_dataset/Hyperspectral_corn_seed_dataset/Mitiannuo No.4/2.hdr,/data/r1032016/additional_corn_dataset/Hyperspectral_corn_seed_dataset/Hyperspectral_corn_seed_dataset/Hyperspectral_corn_seed_dataset/Mitiannuo No.4/2.spe,RGB 3-band CNN
Sida No.204__1,corn,external_scene,Sida No.204,1,1,True,0.951814591884613,0,0.024779032915830612,4,0.951814591884613,0,0.023406432941555977,corn,Sida No.204,Sida No.204,Sida No.204/1.hdr,/data/r1032016/additional_corn_dataset/Hyperspectral_corn_seed_dataset/Hyperspectral_corn_seed_dataset/Hyperspectral_corn_seed_dataset/Sida No.204/1.hdr,/data/r1032016/additional_corn_dataset/Hyperspectral_corn_seed_dataset/Hyperspectral_corn_seed_dataset/Hyperspectral_corn_seed_dataset/Sida No.204/1.spe,RGB 3-band CNN
Sida No.204__2,corn,external_scene,Sida No.204,1,1,True,0.9502581357955933,0,0.02549276128411293,4,0.9502581357955933,0,0.024249155074357986,corn,Sida No.204,Sida No.204,Sida No.204/2.hdr,/data/r1032016/additional_corn_dataset/Hyperspectral_corn_seed_dataset/Hyperspectral_corn_seed_dataset/Hyperspectral_corn_seed_dataset/Sida No.204/2.hdr,/data/r1032016/additional_corn_dataset/Hyperspectral_corn_seed_dataset/Hyperspectral_corn_seed_dataset/Hyperspectral_corn_seed_dataset/Sida No.204/2.spe,RGB 3-band CNN
Sidanuo No.38__1,corn,external_scene,Sidanuo No.38,1,1,True,0.9518157243728638,0,0.024869345128536224,4,0.9518157243728638,0,0.023314932361245155,corn,Sidanuo No.38,Sidanuo No.38,Sidanuo No.38/1.hdr,/data/r1032016/additional_corn_dataset/Hyperspectral_corn_seed_dataset/Hyperspectral_corn_seed_dataset/Hyperspectral_corn_seed_dataset/Sidanuo No.38/1.hdr,/data/r1032016/additional_corn_dataset/Hyperspectral_corn_seed_dataset/Hyperspectral_corn_seed_dataset/Hyperspectral_corn_seed_dataset/Sidanuo No.38/1.spe,RGB 3-band CNN
Sidanuo No.38__2,corn,external_scene,Sidanuo No.38,1,1,True,0.9498972296714783,0,0.026029527187347412,4,0.9498972296714783,0,0.02407316491007805,corn,Sidanuo No.38,Sidanuo No.38,Sidanuo No.38/2.hdr,/data/r1032016/additional_corn_dataset/Hyperspectral_corn_seed_dataset/Hyperspectral_corn_seed_dataset/Hyperspectral_corn_seed_dataset/Sidanuo No.38/2.hdr,/data/r1032016/additional_corn_dataset/Hyperspectral_corn_seed_dataset/Hyperspectral_corn_seed_dataset/Hyperspectral_corn_seed_dataset/Sidanuo No.38/2.spe,RGB 3-band CNN
Sidanuo No.44__1,corn,external_scene,Sidanuo No.44,1,1,True,0.9462068676948547,0,0.027575932443141937,4,0.9462068676948547,0,0.026217145845294,corn,Sidanuo No.44,Sidanuo No.44,Sidanuo No.44/1.hdr,/data/r1032016/additional_corn_dataset/Hyperspectral_corn_seed_dataset/Hyperspectral_corn_seed_dataset/Hyperspectral_corn_seed_dataset/Sidanuo No.44/1.hdr,/data/r1032016/additional_corn_dataset/Hyperspectral_corn_seed_dataset/Hyperspectral_corn_seed_dataset/Hyperspectral_corn_seed_dataset/Sidanuo No.44/1.spe,RGB 3-band CNN
Sidanuo No.44__2,corn,external_scene,Sidanuo No.44,1,1,True,0.9459794163703918,0,0.027804123237729073,4,0.9459794163703918,0,0.02621643990278244,corn,Sidanuo No.44,Sidanuo No.44,Sidanuo No.44/2.hdr,/data/r1032016/additional_corn_dataset/Hyperspectral_corn_seed_dataset/Hyperspectral_corn_seed_dataset/Hyperspectral_corn_seed_dataset/Sidanuo No.44/2.hdr,/data/r1032016/additional_corn_dataset/Hyperspectral_corn_seed_dataset/Hyperspectral_corn_seed_dataset/Hyperspectral_corn_seed_dataset/Sidanuo No.44/2.spe,RGB 3-band CNN
Yuecainuo No.2__1,corn,external_scene,Yuecainuo No.2,1,1,True,0.9490879774093628,0,0.02674768678843975,4,0.9490879774093628,0,0.02416432835161686,corn,Yuecainuo No.2,Yuecainuo No.2,Yuecainuo No.2/1.hdr,/data/r1032016/additional_corn_dataset/Hyperspectral_corn_seed_dataset/Hyperspectral_corn_seed_dataset/Hyperspectral_corn_seed_dataset/Yuecainuo No.2/1.hdr,/data/r1032016/additional_corn_dataset/Hyperspectral_corn_seed_dataset/Hyperspectral_corn_seed_dataset/Hyperspectral_corn_seed_dataset/Yuecainuo No.2/1.spe,RGB 3-band CNN
Yuecainuo No.2__2,corn,external_scene,Yuecainuo No.2,1,1,True,0.9506245851516724,0,0.025841517373919487,4,0.9506245851516724,0,0.023533862084150314,corn,Yuecainuo No.2,Yuecainuo No.2,Yuecainuo No.2/2.hdr,/data/r1032016/additional_corn_dataset/Hyperspectral_corn_seed_dataset/Hyperspectral_corn_seed_dataset/Hyperspectral_corn_seed_dataset/Yuecainuo No.2/2.hdr,/data/r1032016/additional_corn_dataset/Hyperspectral_corn_seed_dataset/Hyperspectral_corn_seed_dataset/Hyperspectral_corn_seed_dataset/Yuecainuo No.2/2.spe,RGB 3-band CNN
Zhenzhunuo No.8__1,corn,external_scene,Zhenzhunuo No.8,1,1,True,0.9575778841972351,0,0.021465672180056572,4,0.9575778841972351,0,0.02095644176006317,corn,Zhenzhunuo No.8,Zhenzhunuo No.8,Zhenzhunuo No.8/1.hdr,/data/r1032016/additional_corn_dataset/Hyperspectral_corn_seed_dataset/Hyperspectral_corn_seed_dataset/Hyperspectral_corn_seed_dataset/Zhenzhunuo No.8/1.hdr,/data/r1032016/additional_corn_dataset/Hyperspectral_corn_seed_dataset/Hyperspectral_corn_seed_dataset/Hyperspectral_corn_seed_dataset/Zhenzhunuo No.8/1.spe,RGB 3-band CNN
Zhenzhunuo No.8__2,corn,external_scene,Zhenzhunuo No.8,1,1,True,0.9590995907783508,0,0.020688090473413467,4,0.9590995907783508,0,0.020212342962622643,corn,Zhenzhunuo No.8,Zhenzhunuo No.8,Zhenzhunuo No.8/2.hdr,/data/r1032016/additional_corn_dataset/Hyperspectral_corn_seed_dataset/Hyperspectral_corn_seed_dataset/Hyperspectral_corn_seed_dataset/Zhenzhunuo No.8/2.hdr,/data/r1032016/additional_corn_dataset/Hyperspectral_corn_seed_dataset/Hyperspectral_corn_seed_dataset/Hyperspectral_corn_seed_dataset/Zhenzhunuo No.8/2.spe,RGB 3-band CNN
Zhuyunuo No.1__1,corn,external_scene,Zhuyunuo No.1,1,1,True,0.9478240609169006,0,0.02738555707037449,4,0.9478240609169006,0,0.024790436029434204,corn,Zhuyunuo No.1,Zhuyunuo No.1,Zhuyunuo No.1/1.hdr,/data/r1032016/additional_corn_dataset/Hyperspectral_corn_seed_dataset/Hyperspectral_corn_seed_dataset/Hyperspectral_corn_seed_dataset/Zhuyunuo No.1/1.hdr,/data/r1032016/additional_corn_dataset/Hyperspectral_corn_seed_dataset/Hyperspectral_corn_seed_dataset/Hyperspectral_corn_seed_dataset/Zhuyunuo No.1/1.spe,RGB 3-band CNN
Zhuyunuo No.1__2,corn,external_scene,Zhuyunuo No.1,1,1,True,0.9469113349914551,0,0.027864225208759308,4,0.9469113349914551,0,0.02522449940443039,corn,Zhuyunuo No.1,Zhuyunuo No.1,Zhuyunuo No.1/2.hdr,/data/r1032016/additional_corn_dataset/Hyperspectral_corn_seed_dataset/Hyperspectral_corn_seed_dataset/Hyperspectral_corn_seed_dataset/Zhuyunuo No.1/2.hdr,/data/r1032016/additional_corn_dataset/Hyperspectral_corn_seed_dataset/Hyperspectral_corn_seed_dataset/Hyperspectral_corn_seed_dataset/Zhuyunuo No.1/2.spe,RGB 3-band CNN
Zhuyutian No.1__1,corn,external_scene,Zhuyutian No.1,1,1,True,0.9554059505462646,0,0.02252819575369358,4,0.9554059505462646,0,0.022065896540880203,corn,Zhuyutian No.1,Zhuyutian No.1,Zhuyutian No.1/1.hdr,/data/r1032016/additional_corn_dataset/Hyperspectral_corn_seed_dataset/Hyperspectral_corn_seed_dataset/Hyperspectral_corn_seed_dataset/Zhuyutian No.1/1.hdr,/data/r1032016/additional_corn_dataset/Hyperspectral_corn_seed_dataset/Hyperspectral_corn_seed_dataset/Hyperspectral_corn_seed_dataset/Zhuyutian No.1/1.spe,RGB 3-band CNN
