sample_name,variety,size,rep,target,prediction,correct,maximum_probability,votes_barley,mean_probability_barley,votes_corn,mean_probability_corn,votes_flax,mean_probability_flax,predicted_class,external_variety,source_folder,relative_hdr_path,filepath_hdr,filepath_spe
Caitiannuo No.6__1,corn,external_scene,Caitiannuo No.6,1,1,True,0.9525102376937866,0,0.026002205908298492,4,0.9525102376937866,0,0.02148754522204399,corn,Caitiannuo No.6,Caitiannuo No.6,Caitiannuo No.6/1.hdr,/data/r1032016/additional_corn_dataset/Hyperspectral_corn_seed_dataset/Hyperspectral_corn_seed_dataset/Hyperspectral_corn_seed_dataset/Caitiannuo No.6/1.hdr,/data/r1032016/additional_corn_dataset/Hyperspectral_corn_seed_dataset/Hyperspectral_corn_seed_dataset/Hyperspectral_corn_seed_dataset/Caitiannuo No.6/1.spe
Caitiannuo No.6__2,corn,external_scene,Caitiannuo No.6,1,1,True,0.952681303024292,0,0.025919370353221893,4,0.952681303024292,0,0.021399319171905518,corn,Caitiannuo No.6,Caitiannuo No.6,Caitiannuo No.6/2.hdr,/data/r1032016/additional_corn_dataset/Hyperspectral_corn_seed_dataset/Hyperspectral_corn_seed_dataset/Hyperspectral_corn_seed_dataset/Caitiannuo No.6/2.hdr,/data/r1032016/additional_corn_dataset/Hyperspectral_corn_seed_dataset/Hyperspectral_corn_seed_dataset/Hyperspectral_corn_seed_dataset/Caitiannuo No.6/2.spe
Jinxitian__1,corn,external_scene,Jinxitian,1,1,True,0.949772298336029,0,0.02791685424745083,4,0.949772298336029,0,0.022310882806777954,corn,Jinxitian,Jinxitian,Jinxitian/1.hdr,/data/r1032016/additional_corn_dataset/Hyperspectral_corn_seed_dataset/Hyperspectral_corn_seed_dataset/Hyperspectral_corn_seed_dataset/Jinxitian/1.hdr,/data/r1032016/additional_corn_dataset/Hyperspectral_corn_seed_dataset/Hyperspectral_corn_seed_dataset/Hyperspectral_corn_seed_dataset/Jinxitian/1.spe
Jinxitian__2,corn,external_scene,Jinxitian,1,1,True,0.9507473111152649,0,0.026456240564584732,4,0.9507473111152649,0,0.02279643900692463,corn,Jinxitian,Jinxitian,Jinxitian/2.hdr,/data/r1032016/additional_corn_dataset/Hyperspectral_corn_seed_dataset/Hyperspectral_corn_seed_dataset/Hyperspectral_corn_seed_dataset/Jinxitian/2.hdr,/data/r1032016/additional_corn_dataset/Hyperspectral_corn_seed_dataset/Hyperspectral_corn_seed_dataset/Hyperspectral_corn_seed_dataset/Jinxitian/2.spe
Mihuatiannuo No.3__1,corn,external_scene,Mihuatiannuo No.3,1,1,True,0.9403352737426758,0,0.033940963447093964,4,0.9403352737426758,0,0.02572377398610115,corn,Mihuatiannuo No.3,Mihuatiannuo No.3,Mihuatiannuo No.3/1.hdr,/data/r1032016/additional_corn_dataset/Hyperspectral_corn_seed_dataset/Hyperspectral_corn_seed_dataset/Hyperspectral_corn_seed_dataset/Mihuatiannuo No.3/1.hdr,/data/r1032016/additional_corn_dataset/Hyperspectral_corn_seed_dataset/Hyperspectral_corn_seed_dataset/Hyperspectral_corn_seed_dataset/Mihuatiannuo No.3/1.spe
Mihuatiannuo No.3__2,corn,external_scene,Mihuatiannuo No.3,1,1,True,0.9308302402496338,0,0.04194771498441696,4,0.9308302402496338,0,0.02722197026014328,corn,Mihuatiannuo No.3,Mihuatiannuo No.3,Mihuatiannuo No.3/2.hdr,/data/r1032016/additional_corn_dataset/Hyperspectral_corn_seed_dataset/Hyperspectral_corn_seed_dataset/Hyperspectral_corn_seed_dataset/Mihuatiannuo No.3/2.hdr,/data/r1032016/additional_corn_dataset/Hyperspectral_corn_seed_dataset/Hyperspectral_corn_seed_dataset/Hyperspectral_corn_seed_dataset/Mihuatiannuo No.3/2.spe
Mitiannuo No.1__1,corn,external_scene,Mitiannuo No.1,1,1,True,0.9473565816879272,0,0.028158951550722122,4,0.9473565816879272,0,0.02448447048664093,corn,Mitiannuo No.1,Mitiannuo No.1,Mitiannuo No.1/1.hdr,/data/r1032016/additional_corn_dataset/Hyperspectral_corn_seed_dataset/Hyperspectral_corn_seed_dataset/Hyperspectral_corn_seed_dataset/Mitiannuo No.1/1.hdr,/data/r1032016/additional_corn_dataset/Hyperspectral_corn_seed_dataset/Hyperspectral_corn_seed_dataset/Hyperspectral_corn_seed_dataset/Mitiannuo No.1/1.spe
Mitiannuo No.1__2,corn,external_scene,Mitiannuo No.1,1,1,True,0.9455209970474243,0,0.029759157449007034,4,0.9455209970474243,0,0.02471989020705223,corn,Mitiannuo No.1,Mitiannuo No.1,Mitiannuo No.1/2.hdr,/data/r1032016/additional_corn_dataset/Hyperspectral_corn_seed_dataset/Hyperspectral_corn_seed_dataset/Hyperspectral_corn_seed_dataset/Mitiannuo No.1/2.hdr,/data/r1032016/additional_corn_dataset/Hyperspectral_corn_seed_dataset/Hyperspectral_corn_seed_dataset/Hyperspectral_corn_seed_dataset/Mitiannuo No.1/2.spe
Mitiannuo No.4__1,corn,external_scene,Mitiannuo No.4,1,1,True,0.9505208134651184,0,0.02622814103960991,4,0.9505208134651184,0,0.023251039907336235,corn,Mitiannuo No.4,Mitiannuo No.4,Mitiannuo No.4/1.hdr,/data/r1032016/additional_corn_dataset/Hyperspectral_corn_seed_dataset/Hyperspectral_corn_seed_dataset/Hyperspectral_corn_seed_dataset/Mitiannuo No.4/1.hdr,/data/r1032016/additional_corn_dataset/Hyperspectral_corn_seed_dataset/Hyperspectral_corn_seed_dataset/Hyperspectral_corn_seed_dataset/Mitiannuo No.4/1.spe
Mitiannuo No.4__2,corn,external_scene,Mitiannuo No.4,1,1,True,0.949741780757904,0,0.02668134495615959,4,0.949741780757904,0,0.02357688546180725,corn,Mitiannuo No.4,Mitiannuo No.4,Mitiannuo No.4/2.hdr,/data/r1032016/additional_corn_dataset/Hyperspectral_corn_seed_dataset/Hyperspectral_corn_seed_dataset/Hyperspectral_corn_seed_dataset/Mitiannuo No.4/2.hdr,/data/r1032016/additional_corn_dataset/Hyperspectral_corn_seed_dataset/Hyperspectral_corn_seed_dataset/Hyperspectral_corn_seed_dataset/Mitiannuo No.4/2.spe
Sida No.204__1,corn,external_scene,Sida No.204,1,1,True,0.950515627861023,0,0.026321694254875183,4,0.950515627861023,0,0.023162679746747017,corn,Sida No.204,Sida No.204,Sida No.204/1.hdr,/data/r1032016/additional_corn_dataset/Hyperspectral_corn_seed_dataset/Hyperspectral_corn_seed_dataset/Hyperspectral_corn_seed_dataset/Sida No.204/1.hdr,/data/r1032016/additional_corn_dataset/Hyperspectral_corn_seed_dataset/Hyperspectral_corn_seed_dataset/Hyperspectral_corn_seed_dataset/Sida No.204/1.spe
Sida No.204__2,corn,external_scene,Sida No.204,1,1,True,0.945831298828125,0,0.028720851987600327,4,0.945831298828125,0,0.025447864085435867,corn,Sida No.204,Sida No.204,Sida No.204/2.hdr,/data/r1032016/additional_corn_dataset/Hyperspectral_corn_seed_dataset/Hyperspectral_corn_seed_dataset/Hyperspectral_corn_seed_dataset/Sida No.204/2.hdr,/data/r1032016/additional_corn_dataset/Hyperspectral_corn_seed_dataset/Hyperspectral_corn_seed_dataset/Hyperspectral_corn_seed_dataset/Sida No.204/2.spe
Sidanuo No.38__1,corn,external_scene,Sidanuo No.38,1,1,True,0.9523453712463379,0,0.02575748972594738,4,0.9523453712463379,0,0.021897196769714355,corn,Sidanuo No.38,Sidanuo No.38,Sidanuo No.38/1.hdr,/data/r1032016/additional_corn_dataset/Hyperspectral_corn_seed_dataset/Hyperspectral_corn_seed_dataset/Hyperspectral_corn_seed_dataset/Sidanuo No.38/1.hdr,/data/r1032016/additional_corn_dataset/Hyperspectral_corn_seed_dataset/Hyperspectral_corn_seed_dataset/Hyperspectral_corn_seed_dataset/Sidanuo No.38/1.spe
Sidanuo No.38__2,corn,external_scene,Sidanuo No.38,1,1,True,0.948707103729248,0,0.027815770357847214,4,0.948707103729248,0,0.0234770979732275,corn,Sidanuo No.38,Sidanuo No.38,Sidanuo No.38/2.hdr,/data/r1032016/additional_corn_dataset/Hyperspectral_corn_seed_dataset/Hyperspectral_corn_seed_dataset/Hyperspectral_corn_seed_dataset/Sidanuo No.38/2.hdr,/data/r1032016/additional_corn_dataset/Hyperspectral_corn_seed_dataset/Hyperspectral_corn_seed_dataset/Hyperspectral_corn_seed_dataset/Sidanuo No.38/2.spe
Sidanuo No.44__1,corn,external_scene,Sidanuo No.44,1,1,True,0.9498711228370667,0,0.026473695412278175,4,0.9498711228370667,0,0.023655151948332787,corn,Sidanuo No.44,Sidanuo No.44,Sidanuo No.44/1.hdr,/data/r1032016/additional_corn_dataset/Hyperspectral_corn_seed_dataset/Hyperspectral_corn_seed_dataset/Hyperspectral_corn_seed_dataset/Sidanuo No.44/1.hdr,/data/r1032016/additional_corn_dataset/Hyperspectral_corn_seed_dataset/Hyperspectral_corn_seed_dataset/Hyperspectral_corn_seed_dataset/Sidanuo No.44/1.spe
Sidanuo No.44__2,corn,external_scene,Sidanuo No.44,1,1,True,0.9503495693206787,0,0.02616167441010475,4,0.9503495693206787,0,0.023488741368055344,corn,Sidanuo No.44,Sidanuo No.44,Sidanuo No.44/2.hdr,/data/r1032016/additional_corn_dataset/Hyperspectral_corn_seed_dataset/Hyperspectral_corn_seed_dataset/Hyperspectral_corn_seed_dataset/Sidanuo No.44/2.hdr,/data/r1032016/additional_corn_dataset/Hyperspectral_corn_seed_dataset/Hyperspectral_corn_seed_dataset/Hyperspectral_corn_seed_dataset/Sidanuo No.44/2.spe
Yuecainuo No.2__1,corn,external_scene,Yuecainuo No.2,1,1,True,0.947788655757904,0,0.029195476323366165,4,0.947788655757904,0,0.023015793412923813,corn,Yuecainuo No.2,Yuecainuo No.2,Yuecainuo No.2/1.hdr,/data/r1032016/additional_corn_dataset/Hyperspectral_corn_seed_dataset/Hyperspectral_corn_seed_dataset/Hyperspectral_corn_seed_dataset/Yuecainuo No.2/1.hdr,/data/r1032016/additional_corn_dataset/Hyperspectral_corn_seed_dataset/Hyperspectral_corn_seed_dataset/Hyperspectral_corn_seed_dataset/Yuecainuo No.2/1.spe
Yuecainuo No.2__2,corn,external_scene,Yuecainuo No.2,1,1,True,0.948074460029602,0,0.02882475033402443,4,0.948074460029602,0,0.02310081571340561,corn,Yuecainuo No.2,Yuecainuo No.2,Yuecainuo No.2/2.hdr,/data/r1032016/additional_corn_dataset/Hyperspectral_corn_seed_dataset/Hyperspectral_corn_seed_dataset/Hyperspectral_corn_seed_dataset/Yuecainuo No.2/2.hdr,/data/r1032016/additional_corn_dataset/Hyperspectral_corn_seed_dataset/Hyperspectral_corn_seed_dataset/Hyperspectral_corn_seed_dataset/Yuecainuo No.2/2.spe
Zhenzhunuo No.8__1,corn,external_scene,Zhenzhunuo No.8,1,1,True,0.9323574900627136,0,0.03998108208179474,4,0.9323574900627136,0,0.02766145020723343,corn,Zhenzhunuo No.8,Zhenzhunuo No.8,Zhenzhunuo No.8/1.hdr,/data/r1032016/additional_corn_dataset/Hyperspectral_corn_seed_dataset/Hyperspectral_corn_seed_dataset/Hyperspectral_corn_seed_dataset/Zhenzhunuo No.8/1.hdr,/data/r1032016/additional_corn_dataset/Hyperspectral_corn_seed_dataset/Hyperspectral_corn_seed_dataset/Hyperspectral_corn_seed_dataset/Zhenzhunuo No.8/1.spe
Zhenzhunuo No.8__2,corn,external_scene,Zhenzhunuo No.8,1,1,True,0.9353575706481934,0,0.03895566239953041,4,0.9353575706481934,0,0.02568679302930832,corn,Zhenzhunuo No.8,Zhenzhunuo No.8,Zhenzhunuo No.8/2.hdr,/data/r1032016/additional_corn_dataset/Hyperspectral_corn_seed_dataset/Hyperspectral_corn_seed_dataset/Hyperspectral_corn_seed_dataset/Zhenzhunuo No.8/2.hdr,/data/r1032016/additional_corn_dataset/Hyperspectral_corn_seed_dataset/Hyperspectral_corn_seed_dataset/Hyperspectral_corn_seed_dataset/Zhenzhunuo No.8/2.spe
Zhuyunuo No.1__1,corn,external_scene,Zhuyunuo No.1,1,1,True,0.9464309811592102,0,0.02924000844359398,4,0.9464309811592102,0,0.0243290513753891,corn,Zhuyunuo No.1,Zhuyunuo No.1,Zhuyunuo No.1/1.hdr,/data/r1032016/additional_corn_dataset/Hyperspectral_corn_seed_dataset/Hyperspectral_corn_seed_dataset/Hyperspectral_corn_seed_dataset/Zhuyunuo No.1/1.hdr,/data/r1032016/additional_corn_dataset/Hyperspectral_corn_seed_dataset/Hyperspectral_corn_seed_dataset/Hyperspectral_corn_seed_dataset/Zhuyunuo No.1/1.spe
Zhuyunuo No.1__2,corn,external_scene,Zhuyunuo No.1,1,1,True,0.9477376937866211,0,0.02879917435348034,4,0.9477376937866211,0,0.02346312254667282,corn,Zhuyunuo No.1,Zhuyunuo No.1,Zhuyunuo No.1/2.hdr,/data/r1032016/additional_corn_dataset/Hyperspectral_corn_seed_dataset/Hyperspectral_corn_seed_dataset/Hyperspectral_corn_seed_dataset/Zhuyunuo No.1/2.hdr,/data/r1032016/additional_corn_dataset/Hyperspectral_corn_seed_dataset/Hyperspectral_corn_seed_dataset/Hyperspectral_corn_seed_dataset/Zhuyunuo No.1/2.spe
Zhuyutian No.1__1,corn,external_scene,Zhuyutian No.1,1,1,True,0.9570849537849426,0,0.022820066660642624,4,0.9570849537849426,0,0.020094947889447212,corn,Zhuyutian No.1,Zhuyutian No.1,Zhuyutian No.1/1.hdr,/data/r1032016/additional_corn_dataset/Hyperspectral_corn_seed_dataset/Hyperspectral_corn_seed_dataset/Hyperspectral_corn_seed_dataset/Zhuyutian No.1/1.hdr,/data/r1032016/additional_corn_dataset/Hyperspectral_corn_seed_dataset/Hyperspectral_corn_seed_dataset/Hyperspectral_corn_seed_dataset/Zhuyutian No.1/1.spe
